Provincia,Comune,Nome Sala,Tipo Sala,Posti per calcolo quozienti,VIA,TELEFONO,NOTE,lat,lon,Column 11
Frosinone,Alatri,POLITEAMA ITALIA,SALA CINEMATOGRAFICA,0,"VIA ROMA, 35",0775 441159,NO PROGRAMMAZIONE,41.7270386,13.3433206,"{""type"":""Point"",""coordinates"":[13.3433206,41.7270386]}"
Frosinone,Cassino,RAPIDO,SALA CINEMATOGRAFICA,360,"VIALE DANTE, 50",0776 621555,,41.4896364,13.8300586,"{""type"":""Point"",""coordinates"":[13.8300586,41.4896364]}"
Frosinone,Ceccano,ANTARES,SALA CINEMATOGRAFICA,0,PIAZZA MUNICIPIO,0775 6221,NO PROGRAMMAZIONE,41.56988,13.33855,"{""type"":""Point"",""coordinates"":[13.33855,41.56988]}"
Frosinone,Ceprano,SUPERCINEMA,SALA CINEMATOGRAFICA,354,"VIA CAMPIDOGLIO, 51",0775 914347,,41.546456,13.516228,"{""type"":""Point"",""coordinates"":[13.516228,41.546456]}"
Frosinone,Monte San Giovanni Campano,CINEMA CIMELLO,SALA CINEMATOGRAFICA,0,PIAZZA GUGLIELMO MARCONI,0775 289502,NO PROGRAMMAZIONE,41.639257,13.515648,"{""type"":""Point"",""coordinates"":[13.515648,41.639257]}"
Frosinone,Ripi,GASSMAN,SALA CINEMATOGRAFICA,0,"PIAZZA MANARA, 1",,,41.612582,13.426757,"{""type"":""Point"",""coordinates"":[13.426757,41.612582]}"
Frosinone,Sora,SUPERCINEMA,SALA CINEMATOGRAFICA,250,"VIA SETTEMBRINI, 1",0776 832055,,41.718706,13.611814,"{""type"":""Point"",""coordinates"":[13.611814,41.718706]}"
Frosinone,Veroli,CINESALA TRULLI,SALA CINEMATOGRAFICA,92,"PIAZZA TRULLI, 1",0775 230538,,,,"{""type"":""Point"",""coordinates"":[,]}"
Latina,Castelforte,SUIO S.R.L.,SALA CINEMATOGRAFICA,0,,,,,,"{""type"":""Point"",""coordinates"":[,]}"
Latina,Fondi,SUPERCINEMA CASTELLO,SALA CINEMATOGRAFICA,500,"VIA GONZAGA, 22",0771 501284,,41.357212,13.427477,"{""type"":""Point"",""coordinates"":[13.427477,41.357212]}"
Latina,San Felice Circeo,ANNA MAGNANI,SALA CINEMATOGRAFICA,90,,,,41.23352,13.08859,"{""type"":""Point"",""coordinates"":[13.08859,41.23352]}"
Latina,Sperlonga,AUGUSTO,SALA CINEMATOGRAFICA,436,"VIA TORRE DI NIBBIO, 10",0771 548644,,,,"{""type"":""Point"",""coordinates"":[,]}"
Rieti,Amatrice,ex cinema ENAL,SALA CINEMATOGRAFICA,0,CORSO UMBERTO I,,,42.629798,13.286934,"{""type"":""Point"",""coordinates"":[13.286934,42.629798]}"
Roma,Anzio,ENEA,SALA CINEMATOGRAFICA,0,,,NO PROGRAMMAZIONE,,,"{""type"":""Point"",""coordinates"":[,]}"
Roma,Campagnano Di Roma,SPLENDOR,SALA CINEMATOGRAFICA,0,"VIA ROMA, 11",3391461587,NO PROGRAMMAZIONE,42.137804,12.379812,"{""type"":""Point"",""coordinates"":[12.379812,42.137804]}"
Roma,Cerveteri,MODERNO,SALA CINEMATOGRAFICA,170,,,,41.998576,12.102092,"{""type"":""Point"",""coordinates"":[12.102092,41.998576]}"
Roma,Civitavecchia,ROYAL,SALA CINEMATOGRAFICA,360,,,,42.093166,11.794209,"{""type"":""Point"",""coordinates"":[11.794209,42.093166]}"
Roma,Guidonia Montecelio,VILLA FIORITA,SALA CINEMATOGRAFICA,0,,,NO PROGRAMMAZIONE,,,"{""type"":""Point"",""coordinates"":[,]}"
Roma,Ladispoli,LUCCIOLA,SALA CINEMATOGRAFICA,369,"PIAZZA MARTIN MARESCOTTI, 3/a",06 99222696,,41.949085,12.078453,"{""type"":""Point"",""coordinates"":[12.078453,41.949085]}"
Roma,Ladispoli,MORETTI,SALA CINEMATOGRAFICA,0,,,NO PROGRAMMAZIONE,,,"{""type"":""Point"",""coordinates"":[,]}"
Roma,Manziana,QUANTE STORIE,SALA CINEMATOGRAFICA,230,,,,42.129558,12.127695,"{""type"":""Point"",""coordinates"":[12.127695,42.129558]}"
Roma,Monterotondo,NUOVO CINE,SALA CINEMATOGRAFICA,0,,,NO PROGRAMMAZIONE,,,"{""type"":""Point"",""coordinates"":[,]}"
Roma,Roma,ACADEMY HALL,SALA CINEMATOGRAFICA,0,,,TRASFORMATO IN SALA BINGO,41.914429,12.523038,"{""type"":""Point"",""coordinates"":[12.523038,41.914429]}"
Roma,Roma,ADMIRAL,SALA CINEMATOGRAFICA,488,"PIAZZA VERBANO, 5",06 8541195,,41.923408,12.506519,"{""type"":""Point"",""coordinates"":[12.506519,41.923408]}"
Roma,Roma,ALCAZAR,SALA CINEMATOGRAFICA,202,"VIA MERRY DEL VAL, 14",65880099,,41.887334,12.472002,"{""type"":""Point"",""coordinates"":[12.472002,41.887334]}"
Roma,Roma,AMBASCIATORI,SALA CINEMATOGRAFICA,450,,,,41.906647,12.50165,"{""type"":""Point"",""coordinates"":[12.50165,41.906647]}"
Roma,Roma,ARCHIMEDE,SALA CINEMATOGRAFICA,0,,,TRASFORMATO IN HOTEL,41.902674,12.504569,"{""type"":""Point"",""coordinates"":[12.504569,41.902674]}"
Roma,Roma,AVORIO,SALA CINEMATOGRAFICA,0,,,CHIUSO,41.889252,12.526374,"{""type"":""Point"",""coordinates"":[12.526374,41.889252]}"
Roma,Roma,CAPITOL,SALA CINEMATOGRAFICA,0,,,TRASFORMATO IN SPAZIO POLIFUNZIONALE,41.931039,12.46608,"{""type"":""Point"",""coordinates"":[12.46608,41.931039]}"
Roma,Roma,CARAVAGGIO,SALA CINEMATOGRAFICA,200,,,,41.918548,12.493218,"{""type"":""Point"",""coordinates"":[12.493218,41.918548]}"
Roma,Roma,COLA DI RIENZO,SALA CINEMATOGRAFICA,0,,,TRASFORMATO IN SALA BINGO,41.908513,12.467386,"{""type"":""Point"",""coordinates"":[12.467386,41.908513]}"
Roma,Roma,DEI PICCOLI,SALA CINEMATOGRAFICA,63,"VIA DELLA PINETA, 15",06 8553485,,41.911231,12.488103,"{""type"":""Point"",""coordinates"":[12.488103,41.911231]}"
Roma,Roma,DEL VASCELLO,SALA CINEMATOGRAFICA,0,,,NO PROGRAMMAZIONE,41.882373,12.460643,"{""type"":""Point"",""coordinates"":[12.460643,41.882373]}"
Roma,Roma,DELLE PROVINCIE,SALA CINEMATOGRAFICA,375,,,,41.910834,12.521085,"{""type"":""Point"",""coordinates"":[12.521085,41.910834]}"
Roma,Roma,EDEN,SALA CINEMATOGRAFICA,366,"PIAZZA COLA DI RIENZO, 74/76",06 3612449,,41.908622,12.468703,"{""type"":""Point"",""coordinates"":[12.468703,41.908622]}"
Roma,Roma,EMBASSY,SALA CINEMATOGRAFICA,856,"VIA STOPPANI, 7",06 8070245,,41.922367,12.49093,"{""type"":""Point"",""coordinates"":[12.49093,41.922367]}"
Roma,Roma,EMPIRE,SALA CINEMATOGRAFICA,935,"VIALE REGINA MARGHERITA, 29",68417719,,41.919056,12.499127,"{""type"":""Point"",""coordinates"":[12.499127,41.919056]}"
Roma,Roma,EUROPA,SALA CINEMATOGRAFICA,704,"CORSO D'ITALIA, 107",06 4429238,,41.909953,12.500536,"{""type"":""Point"",""coordinates"":[12.500536,41.909953]}"
Roma,Roma,EXPLORE,SALA CINEMATOGRAFICA,0,,,NO PROGRAMMAZIONE,,,"{""type"":""Point"",""coordinates"":[,]}"
Roma,Roma,FARNESE,SALA CINEMATOGRAFICA,295,"PIAZZA CAMPO DE' FIORI, 56",06 6864395,,41.895266,12.472529,"{""type"":""Point"",""coordinates"":[12.472529,41.895266]}"
Roma,Roma,GIOIELLO,SALA CINEMATOGRAFICA,0,,,NO PROGRAMMAZIONE,41.910504,12.502862,"{""type"":""Point"",""coordinates"":[12.502862,41.910504]}"
Roma,Roma,GREGORY,SALA CINEMATOGRAFICA,600,"VIA GREGORIO VII, 180",06 6380600,,41.896204,12.443535,"{""type"":""Point"",""coordinates"":[12.443535,41.896204]}"
Roma,Roma,HOLIDAY,SALA CINEMATOGRAFICA,0,"LARGO B. MARCELLO, 1",06 8548362,CHIUSO,41.918167,12.497007,"{""type"":""Point"",""coordinates"":[12.497007,41.918167]}"
Roma,Roma,KINO,SALA CINEMATOGRAFICA,36,,,,41.889885,12.526203,"{""type"":""Point"",""coordinates"":[12.526203,41.889885]}"
Roma,Roma,LUCKY BLU,SALA CINEMATOGRAFICA,0,,,TRASFORMATO IN SUPERMERCATO,41.9015285,12.4619004,"{""type"":""Point"",""coordinates"":[12.4619004,41.9015285]}"
Roma,Roma,MOULIN ROUGE,SALA CINEMATOGRAFICA,1080,,,,41.864249,12.468072,"{""type"":""Point"",""coordinates"":[12.468072,41.864249]}"
Roma,Roma,NUOVO CINEMA AQUILA,SALA CINEMATOGRAFICA,321,"VIA AQUILA, 66/74",06 70614390,,41.890661,12.525593,"{""type"":""Point"",""coordinates"":[12.525593,41.890661]}"
Roma,Roma,NUOVO SACHER,SALA CINEMATOGRAFICA,314,"VIA L. ASCIANGHI, 1",06 5818116,,41.88447,12.472421,"{""type"":""Point"",""coordinates"":[12.472421,41.88447]}"
Roma,Roma,REWIND ROME,SALA CINEMATOGRAFICA,197,,,,41.91558,12.45632,"{""type"":""Point"",""coordinates"":[12.45632,41.91558]}"
Roma,Roma,RIVOLI,SALA CINEMATOGRAFICA,0,,,,,,"{""type"":""Point"",""coordinates"":[,]}"
Roma,Roma,ROMA,SALA CINEMATOGRAFICA,349,"PIAZZA SONNINO, 37",06 5812884,,41.888611,12.474083,"{""type"":""Point"",""coordinates"":[12.474083,41.888611]}"
Roma,Roma,SALA TROISI,SALA CINEMATOGRAFICA,491,"VIA G. INDUNO, 1",06 36005606,,41.88499,12.471777,"{""type"":""Point"",""coordinates"":[12.471777,41.88499]}"
Roma,Roma,TIME ELEVATOR,SALA CINEMATOGRAFICA,481,,,,41.898519,12.482462,"{""type"":""Point"",""coordinates"":[12.482462,41.898519]}"
Roma,Roma,TREVI CENTER (ex Sala Trevi),SALA CINEMATOGRAFICA,0,,,,41.900419,12.484187,"{""type"":""Point"",""coordinates"":[12.484187,41.900419]}"
Roma,Roma,ULISSE,SALA CINEMATOGRAFICA,382,,,,41.908213,12.536087,"{""type"":""Point"",""coordinates"":[12.536087,41.908213]}"
Roma,Roma,UNIVERSAL,SALA CINEMATOGRAFICA,0,,,,41.910855,12.515231,"{""type"":""Point"",""coordinates"":[12.515231,41.910855]}"
Roma,Roviano,MONSIGNOR SARGENTI,SALA CINEMATOGRAFICA,0,,,,,,"{""type"":""Point"",""coordinates"":[,]}"
Viterbo,Acquapendente,OLIMPYA,SALA CINEMATOGRAFICA,166,"VIA CANTORRIVO, 5",0763 730052,,42.74467,11.865366,"{""type"":""Point"",""coordinates"":[11.865366,42.74467]}"
Viterbo,Bagnoreggio,ALBERTO SORDI,SALA CINEMATOGRAFICA,0,"VIA G. MATTEOTTI, 2",0761 793555,,42.627272,12.091207,"{""type"":""Point"",""coordinates"":[12.091207,42.627272]}"
Viterbo,Bolsena,MODERNO,SALA CINEMATOGRAFICA,200,"VIA MARCONI, snc",0761 799186,,42.6451167,11.9875776,"{""type"":""Point"",""coordinates"":[11.9875776,42.6451167]}"
Viterbo,Canino,LA PINETA,SALA CINEMATOGRAFICA,145,"VIA MONTALTO, 8",0761 437112,,,,"{""type"":""Point"",""coordinates"":[,]}"
Viterbo,Castiglione In Teverina,TEVERE,SALA CINEMATOGRAFICA,263,,,,42.649726,12.202472,"{""type"":""Point"",""coordinates"":[12.202472,42.649726]}"
Viterbo,Civita Castellana,FLORIDA,SALA CINEMATOGRAFICA,550,,,,42.418268,12.234351,"{""type"":""Point"",""coordinates"":[12.234351,42.418268]}"
Viterbo,Marta,ROMA,SALA CINEMATOGRAFICA,0,"VIA NINO BIXIO, 3/5",0761 870587,,42.534764,11.925312,"{""type"":""Point"",""coordinates"":[11.925312,42.534764]}"
Viterbo,Orte,ALBERINI,SALA CINEMATOGRAFICA,270,"VIA DEL PLEBISCITO, 10",0761 403585,,42.460556,12.386407,"{""type"":""Point"",""coordinates"":[12.386407,42.460556]}"
Viterbo,Soriano Del Cimino,FLORIDA,SALA CINEMATOGRAFICA,90,"PIAZZA MARCONI, 12",0761 759649,,42.418517,12.234352,"{""type"":""Point"",""coordinates"":[12.234352,42.418517]}"
Viterbo,Tuscania,ASSOCIAZIONE CULTURALE CINE CLUB TUSCANIA,SALA CINEMATOGRAFICA,0,,,,,,"{""type"":""Point"",""coordinates"":[,]}"
Viterbo,Valentano,COLOMBO,SALA CINEMATOGRAFICA,200,,,,42.567321,11.817586,"{""type"":""Point"",""coordinates"":[11.817586,42.567321]}"
Viterbo,Vasanello,ALBERTONE NAZIONALE,SALA CINEMATOGRAFICA,0,"VIA SANTA MARIA, 15",0761 409985,NO PROGRAMMAZIONE,42.418188,12.345488,"{""type"":""Point"",""coordinates"":[12.345488,42.418188]}"
Viterbo,Vetralla,EXCELSIOR,SALA CINEMATOGRAFICA,370,"VIA CASSIA, 277",0761 483340,nel nostro elenco viene situato in località CURA DI VETRALLA,42.306358,12.082923,"{""type"":""Point"",""coordinates"":[12.082923,42.306358]}"
Viterbo,Viterbo,AZZURRO,SALA CINEMATOGRAFICA,900,"VIA CARLO CATTANEO, 44",0761 220019,,42.412539,12.117473,"{""type"":""Point"",""coordinates"":[12.117473,42.412539]}"
Viterbo,Viterbo,GENIO,SALA CINEMATOGRAFICA,901,"VIA TEATRO DEL GENIO, 16",0761 1343041,,42.4179151,12.1066986,"{""type"":""Point"",""coordinates"":[12.1066986,42.4179151]}"
Viterbo,Viterbo,LUX,SALA CINEMATOGRAFICA,290,"VIALE TRENTO, 1",0761 340848,,42.42332,12.107085,"{""type"":""Point"",""coordinates"":[12.107085,42.42332]}"
Viterbo,Viterbo,METROPOLITAN,SALA CINEMATOGRAFICA,0,"VIA DEL PAVONE, 72",0761 343047,NO PROGRAMMAZIONE,42.420413,12.10456,"{""type"":""Point"",""coordinates"":[12.10456,42.420413]}"
Viterbo,Viterbo,TRENTO,SALA CINEMATOGRAFICA,172,"PIAZZA DEL SANTUARIO, 51/a",0761 307759,,42.430101,12.129198,"{""type"":""Point"",""coordinates"":[12.129198,42.430101]}"
Viterbo,Viterbo,TRIESTE,SALA CINEMATOGRAFICA,196,"VIALE TRIESTE, 30",0761 1307063,,,,"{""type"":""Point"",""coordinates"":[,]}"
