ID_PDV,Provincia,ISTAT,COMUNE,TITOLARE,INDIRIZZO,C.C.,Settoremerc.non alim.,Sup.alim.,Sup.non alim.,Sup.totale,geo_x,geo_y,location
13820,BS,17165,RONCADELLE,RONCADELLE SHOPPING CENTRE S.R.L.,Via L. Einaudi N. 1,SI,,3240,59976,63216,45.53310090875156,10.164854204620383,"(45.53310090875156, 10.164854204620383)"
8812,MI,15195,SAN GIULIANO MILANESE,CARREFOUR,S.S. Emilia,SI,,4066,4203,8269,45.37785496422436,9.307001763142601,"(45.37785496422436, 9.307001763142601)"
6018,MB,108010,BOVISIO-MASCIAGO,E.G. CAVALLINI DI M.GRAZIA CAVALLINI E C. SAS,"Via Nazionale Dei Giovi, 27",,C,0,3000,3000,45.60048905235199,9.144878984334841,"(45.60048905235199, 9.144878984334841)"
9484,VA,12075,GERENZANO,SANTINO SPA,"Via Cervinia ,1",,A,0,7497,7497,45.634102563299514,9.01558435366577,"(45.634102563299514, 9.01558435366577)"
12021,CO,13242,VERTEMATE CON MINOPRIO,IL GIGANTE S.P.A.,"S.S. Dei Giovi, 9",SI,,4268,500,4768,45.71583933111439,9.076420338718776,"(45.71583933111439, 9.076420338718776)"
12554,MI,15011,ASSAGO,CVG MODA SRL,Via Della Fonte Lunga 7 - Ed. D,,A,0,2000,2000,45.40135448321363,9.148655095357523,"(45.40135448321363, 9.148655095357523)"
984,BG,16150,ORIO AL SERIO,FINSER S.P.A.,Via Portico 71,SI,,13688,35616,49304,45.664222318787495,9.69492681205113,"(45.664222318787495, 9.69492681205113)"
6772,BG,16037,BREMBATE,IPER MONTEBELLO SPA,"Via V. Veneto,68-S.P. 184",SI,,4350,5124,9474,45.6070972003599,9.54554512530094,"(45.6070972003599, 9.54554512530094)"
400,MI,15086,CORMANO,COOP LOMBARDIA SCRL,Via Gramsci Angolo Statale Dei Giovi,SI,,2000,3060,5060,45.538966143001154,9.160634734303544,"(45.538966143001154, 9.160634734303544)"
2501,BG,16089,CURNO,LEROY MERLIN ITALIA SRL,"Via Rota, 60",,D,0,10099,10099,45.680675393119145,9.60506644235691,"(45.680675393119145, 9.60506644235691)"
2339,MI,15205,SEGRATE,ESSELUNGA S.P.A.,Via Olgia Ang. Via Cassanese Loc. Cascina Degli Ovi,,,1200,1790,2990,45.4918682413533,9.269825959514748,"(45.4918682413533, 9.269825959514748)"
8208,MI,15146,MILANO,PALLONI ANTONIO,"Viale Monza, 267",,,1600,1200,2800,45.51208491154517,9.224082404444653,"(45.51208491154517, 9.224082404444653)"
4615,BS,17126,ORZIVECCHI,GESTIONE CENTRI COMMERCIALI SRL,"Viale G. Tovini, 1",SI,,2500,2880,5380,45.42324102311914,9.969696660353438,"(45.42324102311914, 9.969696660353438)"
9486,BS,17029,BRESCIA,FRECCIA ROSSA SHOPPING CENTRE SRL,Viale Italia 31,SI,,1850,13122,14972,45.53550316078719,10.20829985449247,"(45.53550316078719, 10.20829985449247)"
178,MI,15077,CINISELLO BALSAMO,BRICO CENTER ITALIA SRL,"V.Le Brianza, 2",,D,0,6180,6180,45.550472352257486,9.239132722417535,"(45.550472352257486, 9.239132722417535)"
3227,MI,15093,CORSICO,ESSELUNGA SPA,"V.Le Delle Industrie, 4/2",SI,,1490,4537,6027,45.43223991979271,9.081468010067113,"(45.43223991979271, 9.081468010067113)"
6202,BG,16143,MOZZO,GRAN MERCATO DEI COLLI,"Via Dell'Industria, 2",SI,,2504,2080,4584,45.70737933743042,9.605443576019345,"(45.70737933743042, 9.605443576019345)"
6093,VA,12133,VARESE,INIZIATIVE COMMERCIALI LOMBARDE,"P.Zza Repubblica,25",SI,,3235,7550,10785,45.81558550042874,8.828151991137139,"(45.81558550042874, 8.828151991137139)"
669,MI,15077,CINISELLO BALSAMO,BERTONI CAMPEGGIO SPORT,"Viale F. Testi, 140",,D,0,4165,4165,45.54354618796118,9.222904765292384,"(45.54354618796118, 9.222904765292384)"
2395,MB,108024,GIUSSANO,ESSELUNGA SPA,Via Lario Ang. Via Pola,SI,,1497,2435,3932,45.677128652459274,9.207250937432814,"(45.677128652459274, 9.207250937432814)"
3080,MN,20071,BORGO VIRGILIO,COOP CONSUMATORI NORDEST SCARL,Piazza Commercio 1,SI,,2827,9376,12203,45.11155077282779,10.783305758610695,"(45.11155077282779, 10.783305758610695)"
1606,PV,18033,CASEI GEROLA,MAXI DI SRL,Via Per Voghera 9,SI,,3500,7240,10740,45.036546967293745,8.90581897460634,"(45.036546967293745, 8.90581897460634)"
4350,BS,17069,ERBUSCO,POLICENTROITALIA 97,"V.Rovato,44",SI,,2784,21716,24500,45.5801255137216,9.998738791610233,"(45.5801255137216, 9.998738791610233)"
5536,LO,98045,PIEVE FISSIRAGA,M.BUSINESS SRL,"V.Le Pavia, 1/3",,C,0,6200,6200,45.2808204975296,9.463137594830433,"(45.2808204975296, 9.463137594830433)"
5958,MI,15158,NOVIGLIO,KARTELL SPA,Via Delle Industrie 7,,D,0,1800,1800,45.340539207418196,9.092216170195414,"(45.340539207418196, 9.092216170195414)"
11785,VA,12042,CASTELLANZA,ESSELUNGA SPA,Viale Borri Angolo Viale Piemonte,SI,,2974,1453,4427,45.60295131496798,8.879007709055694,"(45.60295131496798, 8.879007709055694)"
3220,MI,15105,GARBAGNATE MILANESE,BRICOCENTER ITALIA SRL,Via I Maggio/Via Xx Settembre,,D,0,2517,2517,45.56211239597277,9.082333595879367,"(45.56211239597277, 9.082333595879367)"
3461,MI,15074,CESANO BOSCONE,FRATELLI PIAZZA SRL,"Via Croce, 7",,A,0,3050,3050,45.4349995938367,9.087678166233975,"(45.4349995938367, 9.087678166233975)"
10886,BG,16190,SAN PELLEGRINO TERME,SVILUPPO SAN PELLEGRINO SRL,Via F.Lli Calvi,SI,,2500,4530,7030,45.842290416632835,9.665883834250858,"(45.842290416632835, 9.665883834250858)"
1815,BG,16155,PALADINA,L'ARTIGIANA DEL MOBILE SRL,"Via Roma, 43",,C,0,2300,2300,45.73347115629595,9.609619788468532,"(45.73347115629595, 9.609619788468532)"
4171,VA,12053,COCQUIO-TREVISAGO,CENTRO COMMERCIALE COCQUIO,"C.Da Tagliabo', 4",SI,,1870,6333,8203,45.85991234930963,8.688613331763202,"(45.85991234930963, 8.688613331763202)"
11392,MI,15146,MILANO,COOP LOMBARDIA COOP A.R.L,"Via Gozzoli Benozzo, 130",SI,,2700,3300,6000,45.45545382961429,9.090866247328881,"(45.45545382961429, 9.090866247328881)"
234,MI,15062,CASTANO PRIMO,RIALTO SRL,Via Adua Ang. S.P.34,SI,,2900,5970,8870,45.5441122428416,8.780065068926422,"(45.5441122428416, 8.780065068926422)"
5559,MB,108012,BRUGHERIO,BENNET SPA,"V.Le Lombardia, 264",SI,,3851,10765,14616,45.556375780093326,9.30213465859158,"(45.556375780093326, 9.30213465859158)"
4548,VA,12072,GAVIRATE,ORA INIZIATIVA GAVIRATESE EX IL MATTONE,Viale Ticino   N.82,SI,,1655,8345,10000,45.838662961659466,8.704317439109255,"(45.838662961659466, 8.704317439109255)"
5292,LC,97016,CASATENOVO,ESSELUNGA SPA,Cascina Levada,,,1792,2000,3792,45.68333927186595,9.31759260125622,"(45.68333927186595, 9.31759260125622)"
9886,MI,15146,MILANO,ESSELUNGA SPA,Via Padova Angolo Via Olgettina,SI,,2500,4500,7000,45.51157970870782,9.265744460735284,"(45.51157970870782, 9.265744460735284)"
11153,LO,98029,GUARDAMIGLIO,DIFOOD S.R.L.,"Via Roma, 1/3",SI,,2000,2687,4687,45.11530195533391,9.686312857388419,"(45.11530195533391, 9.686312857388419)"
8851,MN,20002,ASOLA,ODOLINI ITALO,Viale Vittoria/Via Montello,SI,,3200,2231,5431,45.22433886625227,10.413599205305456,"(45.22433886625227, 10.413599205305456)"
8972,MI,15146,MILANO,DE GENNIS PAOLO,"Via R. Pitteri, 84",,,2400,1400,3800,45.47802833879391,9.247059995401553,"(45.47802833879391, 9.247059995401553)"
4293,CR,19055,MADIGNANO,MERCATONE DIECI SRL,"Via Oriolo, 37",,C,0,8955,8955,45.331426269075784,9.73792159536363,"(45.331426269075784, 9.73792159536363)"
965,VA,12070,GALLARATE,SSC.SRL,"Via Lario, 37",,A,2815,1185,4000,45.652130291905756,8.784659884599986,"(45.652130291905756, 8.784659884599986)"
1414,VA,12138,VERGIATE,EMMEZETA MODA S.R.L.,"Via Sempione, 63",,A,0,3061,3061,45.71652133259391,8.690796837699205,"(45.71652133259391, 8.690796837699205)"
5188,BS,17143,PISOGNE,ITALFRUTTA SPA,Area Ex Palini,SI,,4000,8000,12000,45.80710915914476,10.107892881689914,"(45.80710915914476, 10.107892881689914)"
4795,BS,17096,LUMEZZANE,ARCADIA SRL,"Via S. Nicola Da Tolentino, 25",SI,,0,4464,4464,45.6582873089644,10.240700885628902,"(45.6582873089644, 10.240700885628902)"
13194,MI,15130,MAGENTA,OBI ITALIA SRL,Via Mainaga 31,,D,0,6500,6500,45.46081225294756,8.870026065338395,"(45.46081225294756, 8.870026065338395)"
1048,BS,17042,CASTEL MELLA,CONFORAMA ITALIA S.P.A,Via Colorne,,C,0,9500,9500,45.486765657431256,10.147948289515565,"(45.486765657431256, 10.147948289515565)"
624,BS,17029,BRESCIA,GRUPPO COIN SPA,"Corso Magenta, 2",,A,249,4498,4747,45.53634097812414,10.222241117201696,"(45.53634097812414, 10.222241117201696)"
9043,MI,15146,MILANO,BONOLA,"Via G. Quarenghi, 23",SI,,4840,6305,11145,45.49684684142826,9.113053216629487,"(45.49684684142826, 9.113053216629487)"
121,CR,19036,CREMONA,ESSELUNGA SPA,"Via Ghisleri, 36/38/44",SI,,1966,1108,3074,45.13591440709466,10.03564121340956,"(45.13591440709466, 10.03564121340956)"
12471,VA,12086,LAVENA PONTE TRESA,BENNET SPA,Via Colombo Comp. 39,SI,,2000,1487,3487,45.966020358929335,8.85490316184395,"(45.966020358929335, 8.85490316184395)"
4760,CR,19046,GADESCO-PIEVE DELMONA,IPER MONTEBELLO SPA,Via E. Berlinguer,SI,,4391,17629,22020,45.154148233521944,10.098648394427887,"(45.154148233521944, 10.098648394427887)"
2406,BS,17133,PALAZZOLO SULL'OGLIO,ITALMARK SPA,Via Mons. Piccinelli,SI,,2900,3740,6640,45.58884998273141,9.890713921071967,"(45.58884998273141, 9.890713921071967)"
12883,PV,18049,CIGOGNOLA,CENTRO COMMERCIALE OLTREPO' SRL,"Loc. San Giuseppe, 6",,,5200,2400,7600,45.05046608772348,9.23216911122194,"(45.05046608772348, 9.23216911122194)"
5793,MN,20003,BAGNOLO SAN VITO,FASHION DISTRICT MANTOVA S.R.L.,Localit?� Basse Di Mezzo,SI,,0,6664,6664,45.08747396681217,10.857563265687876,"(45.08747396681217, 10.857563265687876)"
8196,MI,15146,MILANO,ESSELUNGA SPA,Via De Angeli Carlo N. 1,SI,,2858,2042,4900,45.4429225110084,9.197057573829516,"(45.4429225110084, 9.197057573829516)"
4014,BG,16053,CARAVAGGIO,PADANA SUPERIORE S.P.A,Via Treviglio Snc,SI,,610,2406,3016,45.50339174487237,9.625662053708016,"(45.50339174487237, 9.625662053708016)"
3462,MI,15074,CESANO BOSCONE,IMPRESA COSTRUZIONI NUOVA CESANO,Via B. Croce 2,SI,,3500,11300,14800,45.43138937480322,9.088473364883418,"(45.43138937480322, 9.088473364883418)"
6596,MI,15106,GESSATE,HOLDING DEI GIOCHI,"Via Della Filanda, 3",,D,0,2890,2890,45.544368396168245,9.441650412713212,"(45.544368396168245, 9.441650412713212)"
6652,CO,13075,COMO,ESSELUNGA S.P.A.,"Via Carloni, 92",,D,1950,1150,3100,45.80341251843424,9.09366129513059,"(45.80341251843424, 9.09366129513059)"
9483,BS,17109,MONIGA DEL GARDA,SUPERM. ITALMARK,"Via San Giovanni, 14",SI,,1200,688,1888,45.52440565484726,10.529329817395084,"(45.52440565484726, 10.529329817395084)"
12448,MB,108034,MUGGIO',CIENNE S.R.L.,Via Battisti/Della Giardina,,A,0,2800,2800,45.59486842067903,9.241505978634146,"(45.59486842067903, 9.241505978634146)"
14663,PV,18137,SAN MARTINO SICCOMARIO,FULL MODA TICINO SPA,Via Viii Marzo 11,,A,0,3050,3050,45.15826795081035,9.13049501547644,"(45.15826795081035, 9.13049501547644)"
6515,CO,13165,OLGIATE COMASCO,GIEM SPA,"Via Segantini, 12",,A,0,2650,2650,45.78160701424017,8.963984524796794,"(45.78160701424017, 8.963984524796794)"
2343,LO,98049,SAN ROCCO AL PORTO,AUCHAN SPA,"Via Emilia, 100",SI,,3679,11321,15000,45.07303661262937,9.70978507876101,"(45.07303661262937, 9.70978507876101)"
966,VA,12070,GALLARATE,IMMOBILIARE NUOVA VENEGONI SRL,Via Venegoni Angolo Viale Lombardia,SI,,1285,5010,6295,45.6625452484411,8.800644994504292,"(45.6625452484411, 8.800644994504292)"
3956,MB,108028,LISSONE,SILCO IMMOBILIARE SRL,"Via Valassina,82",SI,,100,4014,4114,45.60001075339336,9.237097749358265,"(45.60001075339336, 9.237097749358265)"
2064,LO,98048,SAN MARTINO IN STRADA,BENNET SRL,"Via Emilia Km 292,659",SI,,2840,6805,9645,45.281690592690516,9.537397130320109,"(45.281690592690516, 9.537397130320109)"
2727,MB,108027,LIMBIATE,SVILUPPO COMMERCIALE SRL,Via Monza N. 55,SI,,11800,11630,23430,45.606315042594076,9.124525301910289,"(45.606315042594076, 9.124525301910289)"
9048,MI,15146,MILANO,LEVI BROGLIO FRANCO,"Via Soresina, 14",,D,0,3000,3000,45.464776248393015,9.161749413011735,"(45.464776248393015, 9.161749413011735)"
34,VA,12119,SARONNO,ESSELUNGA SPA,"Via Novara, 50/52",,,2550,1350,3900,45.621146751657164,9.017761279653548,"(45.621146751657164, 9.017761279653548)"
3298,CO,13009,ANZANO DEL PARCO,COITER,Via  Provinciale 4,,A,0,2300,2300,45.76908096519301,9.194911510946206,"(45.76908096519301, 9.194911510946206)"
1921,BG,16007,ALMENNO SAN SALVATORE,MIGROSS SPA,"Via Pitentino, 45",SI,,566,1254,1820,45.751090418921514,9.595936600168178,"(45.751090418921514, 9.595936600168178)"
9292,MB,108050,VIMERCATE,GIAMBELLI S.P.A.,Via Torri Bianche N. 16,SI,,3000,5040,8040,45.60112167360874,9.358872782774919,"(45.60112167360874, 9.358872782774919)"
13757,MI,15125,LOCATE DI TRIULZI,LOCATE DISTRICT SRL,Via Milano,SI,,200,35000,35200,45.35865091988259,9.21518606091701,"(45.35865091988259, 9.21518606091701)"
13220,BS,17067,DESENZANO DEL GARDA,ESSELUNGA S.P.A.,Via Mantova N.1,,,2807,1203,4010,45.45699848029917,10.52487750518488,"(45.45699848029917, 10.52487750518488)"
6676,PV,18024,BRONI,ESSELUNGA SPA,"Quartiere Piave, 53",SI,,2420,2130,4550,45.076932636791675,9.27872546043791,"(45.076932636791675, 9.27872546043791)"
13322,MI,15169,PAULLO,PAULLO INVESTIMENTO SRL,Via Santa Maria Mazzarello,SI,,50,6950,7000,45.42290160797746,9.40865005769658,"(45.42290160797746, 9.40865005769658)"
13321,BG,16051,CAPRIATE SAN GERVASIO,THORUS LEOLANDIA SPA,Via V. Veneto,SI,,1000,4000,5000,45.60705378397724,9.540481476165763,"(45.60705378397724, 9.540481476165763)"
5391,CO,13215,SOLBIATE,ESSELUNGA SPA,Via Roma 19,,B,2159,1540,3699,45.78634826217686,8.930336009743936,"(45.78634826217686, 8.930336009743936)"
13632,MI,15220,TREZZANO SUL NAVIGLIO,BIG SHOPPING SRL EX UNIEURO,Via C.Colombo,,A,1064,4652,5716,45.42340348535904,9.066124069016345,"(45.42340348535904, 9.066124069016345)"
4763,CR,19046,GADESCO-PIEVE DELMONA,IPER MONTEBELLO SPA,Via G. Lonati,,B,0,3000,3000,45.15726592434636,10.099507769993952,"(45.15726592434636, 10.099507769993952)"
4353,MI,15237,VIGNATE,COOP LOMBARDIA,S.P. Cassanese,SI,,5600,19400,25000,45.50299681526471,9.370562225884516,"(45.50299681526471, 9.370562225884516)"
3690,SO,14056,ROGOLO,S.C.EVOLUTION SRL,Via Andrea Doria N. 2,SI,,3431,2242,5673,46.135686312840804,9.481280285916363,"(46.135686312840804, 9.481280285916363)"
13392,BS,17092,LONATO DEL GARDA,IPER MONTEBELLO SPA,"Via Mantova, 38",,D,0,3800,3800,45.4311680730648,10.513995104197551,"(45.4311680730648, 10.513995104197551)"
629,BS,17029,BRESCIA,LEROY MERLIN ITALIA SRL,"Via Genova, 93",,D,0,6500,6500,45.52118933099779,10.183509636762066,"(45.52118933099779, 10.183509636762066)"
13136,SO,14008,BIANZONE,TIRELLI ANTONIO,Via Colombini 25,SI,,1550,660,2210,46.189061758231446,10.121851226520974,"(46.189061758231446, 10.121851226520974)"
10229,MI,15192,SAN DONATO MILANESE,ESSELUNGA SPA,Via Dell'Unione Europea,,,1600,1700,3300,45.41548239963869,9.259668294929673,"(45.41548239963869, 9.259668294929673)"
13130,MI,15105,GARBAGNATE MILANESE,CERIANI ELETTROFORNITURE SPA,Via Peloritana/Ang. Via P.Ssa Mafalda,SI,,1160,3840,5000,45.5777833319422,9.06470076149676,"(45.5777833319422, 9.06470076149676)"
1915,BG,16182,ROGNO,LA VALLE CENTRO COMMERCIALE SRL,"Via Veneto, 20",SI,,1318,4496,5814,45.8624397399853,10.143129799987575,"(45.8624397399853, 10.143129799987575)"
4501,BG,16024,BERGAMO,ESSELUNGA SPA,Via Corridoni,,,2302,1349,3651,45.70756833243287,9.689766269781806,"(45.70756833243287, 9.689766269781806)"
962,VA,12070,GALLARATE,CONDOMINIO CENTRO COMMERCIALE LAGHI,"Via Varese, 22",SI,,1060,2759,3819,45.677222234371804,8.800789207895674,"(45.677222234371804, 8.800789207895674)"
8199,MI,15146,MILANO,BIFFI STEFANO TOMASO MARIA,V.Le Certosa 29,,,30,6320,6350,45.489445879556555,9.151480954990427,"(45.489445879556555, 9.151480954990427)"
8416,VA,12075,GERENZANO,GRANDI MAGAZZINI BOSSI SPA,"Via Clerici, 196",,,1200,16800,18000,45.62952432201156,9.015851393763526,"(45.62952432201156, 9.015851393763526)"
4794,MI,15122,LISCATE,MAXIDI,Strada Rivoltana,,,3500,800,4300,45.483254201911514,9.411256047030955,"(45.483254201911514, 9.411256047030955)"
4384,MI,15051,CARUGATE,IKEA ITALIA RETAIL S.R.L.,S.P. 121 X S.P. 208,,C,60,20805,20865,45.54946097352886,9.332143928446756,"(45.54946097352886, 9.332143928446756)"
7246,BS,17061,CONCESIO,AUCHAN  SPA,Via Europa 8,SI,,4200,4645,8845,45.58750426776234,10.22711339726541,"(45.58750426776234, 10.22711339726541)"
5804,VA,12092,LUINO,NOVACOOP,"Via Ghiringhelli, 1",,,1920,1000,2920,45.99753838545855,8.747078374656896,"(45.99753838545855, 8.747078374656896)"
5522,CO,13110,GRANDATE,ARTSANA SPA,Via Tornese,,A,0,2000,2000,45.76660482692439,9.054824312830025,"(45.76660482692439, 9.054824312830025)"
10225,CO,13009,ANZANO DEL PARCO,BENNET SPA,Ss 342 Briantea,SI,,2350,3382,5732,45.7633047833398,9.20488657195839,"(45.7633047833398, 9.20488657195839)"
2405,BS,17133,PALAZZOLO SULL'OGLIO,EUROPA SRL,V.Le Europa 6,SI,,6560,6428,12988,45.58986331336518,9.893875116178325,"(45.58986331336518, 9.893875116178325)"
8974,MI,15146,MILANO,BERALDO STEFANO,"C.So Buenos Aires, 35",,A,50,3050,3100,45.479673238702816,9.210015776289369,"(45.479673238702816, 9.210015776289369)"
11247,MI,15189,ROZZANO,LEROY MERLIN,"C.So Sandro Pertini, 8",,D,50,8800,8850,45.38926941864958,9.174388824770444,"(45.38926941864958, 9.174388824770444)"
620,BS,17029,BRESCIA,SOCIETA' COOPERATIVA DI CONSUMATORI COOP - LOMBARDIA ARL,"Via Corsica, 204",,,2426,524,2950,45.52492919974619,10.199997845087173,"(45.52492919974619, 10.199997845087173)"
11541,LC,97076,SIRTORI,SILCO IMMOBILIARE SRL,Via Delle Industrie 17,,,0,4127,4127,45.74492300289994,9.324994050029131,"(45.74492300289994, 9.324994050029131)"
1496,CR,19102,SPINO D'ADDA,SJM ARREDI SRL,S.S. Paullese 3,,C,0,1899,1899,45.40217776943377,9.468854761280847,"(45.40217776943377, 9.468854761280847)"
14809,MB,108019,CESANO MADERNO,ALEXTOY SRL,"Via San Benedetto, 134",SI,,900,4098,4998,45.62635620408794,9.140903262669717,"(45.62635620408794, 9.140903262669717)"
8201,MI,15146,MILANO,BERALDO STEFANO,"V. Farini, 79/81",,A,30,3613,3643,45.49542269624092,9.185052119066679,"(45.49542269624092, 9.185052119066679)"
8204,MI,15146,MILANO,PERIN NICOLA,"Corso Vercelli, 30",,A,50,3450,3500,45.466658030132436,9.160554992668166,"(45.466658030132436, 9.160554992668166)"
11682,MI,15250,BARANZATE,LEROY MERLIN UNO SPA,Via Milano,,D,0,9000,9000,45.532655823482344,9.105906250170337,"(45.532655823482344, 9.105906250170337)"
12876,BG,16034,BOTTANUCO,IL GIGATE S.P.A.,"V.Le Papa Giovanni, 43",SI,,3500,11200,14700,45.64231874307591,9.51166421878445,"(45.64231874307591, 9.51166421878445)"
975,MI,15242,VIMODRONE,GALLERIE COMMERCIALI ITALIA SPA  E AUCHAN SPA,Ss 11 Padana Superiore Km 292,SI,,5050,10066,15116,45.510831025435344,9.302367693485785,"(45.510831025435344, 9.302367693485785)"
953,CO,13055,CASSINA RIZZARDI,BENNET S.P.A. GIA' DI.TEX.AL,"Via Risorgimento, 48",,,2577,1977,4554,45.75253757176397,9.014256170391226,"(45.75253757176397, 9.014256170391226)"
8193,MI,15146,MILANO,ESSELUNGA SPA,Via Palizzi 69 Pru N. 6.2,SI,,3367,2593,5960,45.50680730738194,9.138337133414492,"(45.50680730738194, 9.138337133414492)"
5291,LC,97016,CASATENOVO,BENNET S.P.A.,"V. Casati, 28",SI,,4500,1327,5827,45.69744436734644,9.303112868485744,"(45.69744436734644, 9.303112868485744)"
3691,VA,12108,OLGIATE OLONA,CORTI SRL,"Via Della Repubblica, 5",,A,0,3425,3425,45.62620067399413,8.858839186430053,"(45.62620067399413, 8.858839186430053)"
17,BG,16115,GORLE,ITALFRUTTA S.P.A.,"V. Roma, 8",,,2170,1090,3260,45.691834176059395,9.714894060061662,"(45.691834176059395, 9.714894060061662)"
6688,MI,15154,NERVIANO,DELLAVEDOVA ARREDAMENTI SPA,Via Milano 50,,C,0,2975,2975,45.552756125497346,8.984209328507792,"(45.552756125497346, 8.984209328507792)"
3832,BS,17166,ROVATO,SMA S.P.A.,"V. Rudone, 30",SI,,2415,3948,6363,45.56272947576337,9.994695296665318,"(45.56272947576337, 9.994695296665318)"
13319,MI,15230,VAPRIO D'ADDA,BENNET SPA,Via Milano,SI,,3000,1000,4000,45.57161030065878,9.518714469936246,"(45.57161030065878, 9.518714469936246)"
3755,MI,15159,OPERA,COOP LOMBARDIA SCAR E VARIE,Localit?� Crocione,SI,,1358,3590,4948,45.37052350076931,9.211992635975424,"(45.37052350076931, 9.211992635975424)"
10895,MB,108045,VAREDO,ESSELUNGA S.P.A.,Via Circonvallazione Sp Ex Ss 527 Bis,,,2335,2470,4805,45.5944825347378,9.173755284677583,"(45.5944825347378, 9.173755284677583)"
1354,CO,13095,ERBA,BENNET SPA,Viale Prealpi 3,SI,,2919,6547,9466,45.804139807753884,9.222357401046493,"(45.804139807753884, 9.222357401046493)"
8211,MI,15146,MILANO,SIMONETTO ROBERTO,"Via A. Trivulzio, 12",,,2240,960,3200,45.46599025855795,9.145568591582899,"(45.46599025855795, 9.145568591582899)"
5794,MN,20003,BAGNOLO SAN VITO,FASHION DISTRICT MANTOVA S.R.L.,Localit?� Basse Di Mezzo,SI,,0,13646,13646,45.087753111971196,10.856501839323094,"(45.087753111971196, 10.856501839323094)"
14664,PV,18137,SAN MARTINO SICCOMARIO,MAX SHOP SRL,Via Viii Marzo 11,,,0,2440,2440,45.15826795081035,9.13049501547644,"(45.15826795081035, 9.13049501547644)"
4158,CO,13041,CANTU',BENNET S.P.A,"Corso Europa, 23",SI,,3003,10122,13125,45.73515038370033,9.114305865106962,"(45.73515038370033, 9.114305865106962)"
1772,MI,15011,ASSAGO,MILANOFIORI 2000 SRL,Via Cascina Venina 9 - Ed. E,,A,0,1800,1800,45.39942742070837,9.150704005159696,"(45.39942742070837, 9.150704005159696)"
1779,MI,15011,ASSAGO,TRELLE SRL,Via Cascina Venina 11 - Ed. H,,A,0,2000,2000,45.39994889535206,9.151192428790457,"(45.39994889535206, 9.151192428790457)"
9888,MI,15250,BARANZATE,DECATHLON ITALIA SRL,Via Milano,,D,0,3295,3295,45.53165184099686,9.105771814606628,"(45.53165184099686, 9.105771814606628)"
12879,MI,15146,MILANO,KANNES EUGENIO,Via Daimler,SI,,5000,28000,33000,45.51400194158852,9.099245100256068,"(45.51400194158852, 9.099245100256068)"
471,BG,16222,URGNANO,CENTRO COMMERCIALE RAMONDA SPA,"Via Provinciale, 1263",,A,0,1800,1800,45.61143859606264,9.693635816998988,"(45.61143859606264, 9.693635816998988)"
10896,VA,12025,BUGUGGIATE,TIGROS SPA,Via Verdi 24,SI,,1080,1469,2549,45.79203023308668,8.796171319339024,"(45.79203023308668, 8.796171319339024)"
5241,CO,13047,CARLAZZO,G.S. S.P.A.,Via Regina 129,,D,1119,480,1599,46.04236642327116,9.15645214903614,"(46.04236642327116, 9.15645214903614)"
6651,CO,13075,COMO,BENNET S.P.A.,"Via Asiago, 2",SI,,3727,5129,8856,45.837238974485366,9.06420984720256,"(45.837238974485366, 9.06420984720256)"
2569,LO,98050,SANT'ANGELO LODIGIANO,CC IL CASTELLO,Viale Trento,SI,,3583,6417,10000,45.231861041100366,9.406581788997658,"(45.231861041100366, 9.406581788997658)"
8212,MI,15146,MILANO,COLAS DES FRANCS OLIVIER PIERRE,"Via Della Palla, 2",,,1142,3578,4720,45.46132723988704,9.185957530360353,"(45.46132723988704, 9.185957530360353)"
6077,BS,17170,SALO',G.S. SPA - SSC SRL,Via Montale 1-3-5,SI,,953,3073,4026,45.58694559926044,10.520261407852743,"(45.58694559926044, 10.520261407852743)"
5693,MB,108035,NOVA MILANESE,LEROY MERLIN UNO SPA,S.S. Milano Meda,,D,0,7500,7500,45.589669955356605,9.174824218066561,"(45.589669955356605, 9.174824218066561)"
4867,PV,18177,VIGEVANO,BENI STABILI S.P.A. SIIQ - IL SAGITTARIO S.P.A. - RGD GESTIONI S.R.L.,V.Le Industria 225,SI,,4200,12300,16500,45.308766659636674,8.876019208621315,"(45.308766659636674, 8.876019208621315)"
797,VA,12026,BUSTO ARSIZIO,CITY GARMENTS,Via Fagnano Olona,,A,0,8000,8000,45.63004836828403,8.856815845332774,"(45.63004836828403, 8.856815845332774)"
9478,BS,17029,BRESCIA,ITALMARK SPA,"Viale S. Eufemia, 108/E",SI,,4000,5178,9178,45.51689834272329,10.287757426133146,"(45.51689834272329, 10.287757426133146)"
7705,MN,20030,MANTOVA,S.I.B. SPA,Via Galiani 1,,D,0,5700,5700,45.16749180094363,10.821711048678047,"(45.16749180094363, 10.821711048678047)"
9056,LO,98019,CODOGNO,SMA S.P.A.,Via Moro 1/3,SI,,630,4110,4740,45.15450520881797,9.671235655590662,"(45.15450520881797, 9.671235655590662)"
10228,MI,15171,PESCHIERA BORROMEO,IMMOBILIARE AMETISTA SRL EX COM.EST  SRL,Ss Paullese - Via Liberazionr 8,SI,,4000,13999,17999,45.42342471580589,9.29364201598403,"(45.42342471580589, 9.29364201598403)"
1871,MB,108054,LENTATE SUL SEVESO,BENNET SPA,Via Nazionale Dei Giovi 249,SI,,2783,6827,9610,45.680123256882304,9.112003728053494,"(45.680123256882304, 9.112003728053494)"
2654,SO,14054,PRATA CAMPORTACCIO,SRL EFFETRE,"Via Nazionale, 36",,C,0,2384,2384,46.289172768746575,9.38912758761987,"(46.289172768746575, 9.38912758761987)"
1351,MI,15142,MELZO,G.C.A. GENERALMARKET SRL,Via Norvegia 1,SI,,2968,4882,7850,45.5084101337032,9.412228215501884,"(45.5084101337032, 9.412228215501884)"
1872,MB,108054,LENTATE SUL SEVESO,DIOTTI A &  F,Via Nazionale Dei Giovi 274,,C,0,3361,3361,45.682306771656485,9.11151734518631,"(45.682306771656485, 9.11151734518631)"
6457,CO,13012,AROSIO,COLOMBO ANTONIO SNC,"Via Volta, 60",,C,0,2100,2100,45.720862701831784,9.204960849101312,"(45.720862701831784, 9.204960849101312)"
11693,MI,15105,GARBAGNATE MILANESE,PE4 SRL,Via Peloritana,SI,,3600,25800,29400,45.57353697988049,9.06697376147493,"(45.57353697988049, 9.06697376147493)"
13316,MI,15044,CAMBIAGO,NAVA MAURO,Via Papa Giovanni Paolo Ii,SI,,2600,1400,4000,45.57399864901635,9.415209142861952,"(45.57399864901635, 9.415209142861952)"
6458,MB,108033,MONZA,AUTODEMOLIZIONI MAURO DI MAURO MARIO & C SNC,Via Della Novella 56,,D,0,2900,2900,45.570188621469526,9.229361225419863,"(45.570188621469526, 9.229361225419863)"
3484,MN,20017,CASTIGLIONE DELLE STIVIERE,ODOLINI GIUSEPPE - LEGALE RAPPRESENTANTE,"V. Cavour, 57",SI,,3000,6401,9401,45.392172803929114,10.479782679883751,"(45.392172803929114, 10.479782679883751)"
6069,MI,15130,MAGENTA,IPER MAGENTA SPA,Via Leopardi,,,1900,4600,6500,45.46107195059293,8.869956580645608,"(45.46107195059293, 8.869956580645608)"
12706,MI,15051,CARUGATE,LEROY MERLIN ITALIA SRL,S.P. 208,,D,0,8000,8000,45.54980132013713,9.328283298976567,"(45.54980132013713, 9.328283298976567)"
3647,BG,16198,SERIATE,IPER MONTEBELLO SPA,"Via Brusaporto, 41",SI,,6520,11702,18222,45.679458070230226,9.745001912139385,"(45.679458070230226, 9.745001912139385)"
4008,MI,15209,SESTO SAN GIOVANNI,COOP LOMBARDIA/IMMOBILIARE LARICE SRL,Viale Sarca/Via Milanese,SI,,4850,12650,17500,45.52830355697806,9.217679265874757,"(45.52830355697806, 9.217679265874757)"
3558,PV,18110,PAVIA,COOP LOMBARDIA,V.Le Campari 64,,,1040,2010,3050,45.188361558570264,9.16740646821361,"(45.188361558570264, 9.16740646821361)"
5118,BS,17165,RONCADELLE,FAR S.N.C. DI SPADA VIRGILIO,"Via Martiri D. Liberta', 23",,C,0,1953,1953,45.51814360553719,10.139568094782986,"(45.51814360553719, 10.139568094782986)"
10876,MI,15146,MILANO,DE GENNIS PAOLO,Via Adriano Pii Area Marelli Cascina S. Giuseppe,,,1512,2901,4413,45.515257886326744,9.242877688726818,"(45.515257886326744, 9.242877688726818)"
2527,VA,12121,SOLBIATE ARNO,LEROY MERLIN ITALIA SRL,"Via Del Lavoro, 40",,D,0,9840,9840,45.72237766315087,8.81089153238734,"(45.72237766315087, 8.81089153238734)"
8246,BS,17067,DESENZANO DEL GARDA,IL MERCATONE DI DESENZANO SRL,"Via Colombare Di Castiglione, 1",,C,0,10361,10361,45.44823648234274,10.521863089198844,"(45.44823648234274, 10.521863089198844)"
3189,MI,15249,VANZAGHELLO,SUPER CENTRO CALZATURE,Corso Italia 20,,A,0,2360,2360,45.597079728001376,8.793594642233513,"(45.597079728001376, 8.793594642233513)"
2917,BS,17103,MANERBIO,CONSORZIO LE ARCATE,"Via Cremona, 10",SI,,1500,2599,4099,45.345703352782564,10.13419517590855,"(45.345703352782564, 10.13419517590855)"
10318,MI,15169,PAULLO,SOC. PAULLO CENTER SRL,Via Mazzarello,SI,,4140,7860,12000,45.42290160797746,9.40865005769658,"(45.42290160797746, 9.40865005769658)"
6246,BS,17125,ORZINUOVI,METALMARK SRL,"Via Einaudi, 3",SI,,4000,10141,14141,45.40912516122251,9.935379677496075,"(45.40912516122251, 9.935379677496075)"
12428,VA,12123,SOMMA LOMBARDO,IL GIGANTE S.P.A,"Via Soragna, 1",SI,,1960,7533,9493,45.68056002327077,8.723267870584632,"(45.68056002327077, 8.723267870584632)"
3020,MB,108049,VILLASANTA,RIALTO SRL,Via Vecellio 1,SI,,3500,9840,13340,45.61909557978177,9.30801954152931,"(45.61909557978177, 9.30801954152931)"
4159,CO,13041,CANTU',COOP LOMBARDIA,"Viale Lombardia, 68",SI,,4227,9823,14050,45.717313486190726,9.156431060523158,"(45.717313486190726, 9.156431060523158)"
4502,BG,16024,BERGAMO,S.P.A. AUCHAN,"V. Carducci, 55",SI,,5000,6651,11651,45.687711895017344,9.648637038429898,"(45.687711895017344, 9.648637038429898)"
3358,SO,14048,PIANTEDO,S.C. EVOLUTION,Via La Rosa 354,SI,,3296,10746,14042,46.140720003444656,9.41717285846705,"(46.140720003444656, 9.41717285846705)"
10276,BS,17077,GAVARDO,BENNET S.P.A.,Via Bruni Conter 2,SI,,2000,9521,11521,45.57768594139252,10.442694849245923,"(45.57768594139252, 10.442694849245923)"
3,CO,13133,LOMAZZO,FRAMAR SRL,Via Del Seprio 41,,,1300,300,1600,45.699756881350304,9.024556192005372,"(45.699756881350304, 9.024556192005372)"
1611,LC,97042,LECCO,GALLERIE COMMERCIALI BENNET S.P.A.,"Via Amendola, 119",SI,,4399,11601,16000,45.854065289898635,9.3983206592732,"(45.854065289898635, 9.3983206592732)"
8215,MI,15146,MILANO,PALLONI ANTONIO,"P. Frattini, 4",,,1800,1210,3010,45.452560120424465,9.142805664143632,"(45.452560120424465, 9.142805664143632)"
5117,BS,17165,RONCADELLE,DECATHLON ITALIA S.R.L.,"Via Mattei, 33/35",,A,0,3700,3700,45.531524927022154,10.15411623175476,"(45.531524927022154, 10.15411623175476)"
13318,CR,19025,CASTELLEONE,SUPERMERCATI EUROPA SPA,Via Bressanoro 73,SI,,1500,1950,3450,45.301998467568154,9.765791446643549,"(45.301998467568154, 9.765791446643549)"
10811,VA,12070,GALLARATE,SSC.SRL,Viale Milano 163,,A,4981,3098,8079,45.64472806030618,8.819519698853425,"(45.64472806030618, 8.819519698853425)"
3226,MI,15093,CORSICO,DECATHLON ITALIA SRL,Via Dell'Industria,,D,50,4350,4400,45.43193486107569,9.080589058917774,"(45.43193486107569, 9.080589058917774)"
8192,MI,15146,MILANO,CAPROTTI GIUSEPPE,"Via C.Isotta, 7",,,2900,0,2900,45.42066093967437,9.177693225167227,"(45.42066093967437, 9.177693225167227)"
12022,CO,13242,VERTEMATE CON MINOPRIO,PIODARREDA DI R.B.,"Via Per Bulgorello, 1",SI,,0,2300,2300,45.72453598099184,9.064942439192867,"(45.72453598099184, 9.064942439192867)"
630,BS,17029,BRESCIA,SMA SPA,"Via San Zeno, 76",,,1100,1472,2572,45.526607751346326,10.220577887924438,"(45.526607751346326, 10.220577887924438)"
469,MI,15201,SAN VITTORE OLONA,COIN EX RINASCENTE,"S.S. Sempione, 9/11",,,1432,2870,4302,45.59168746662187,8.9370721466727,"(45.59168746662187, 8.9370721466727)"
14724,MB,108033,MONZA,LA RINASCENTE SRL,Via Italia 41,,,30,3770,3800,45.58133550778929,9.27351916885202,"(45.58133550778929, 9.27351916885202)"
13497,MN,20021,CURTATONE,SUPERMERCATI TOSANO DI CEREA,Via Parri,,,2800,700,3500,45.1303622168116,10.7422965318262,"(45.1303622168116, 10.7422965318262)"
14382,MI,15195,SAN GIULIANO MILANESE,EUFENTE SPA,Via Po,,D,0,5500,5500,45.391545306647345,9.25943984443336,"(45.391545306647345, 9.25943984443336)"
13340,BS,17029,BRESCIA,NUOVI ASSETTI URBANI SPA,"Comparto A) Sannazzaro  (Area Ex Magazzini Generali) - Area Ricompresa Fra La Via Dalmazia, Via Salgari, Via Corsica E Via Don Bosco",SI,,4100,7500,11600,45.527669455576984,10.20018020660957,"(45.527669455576984, 10.20018020660957)"
9817,BS,17127,OSPITALETTO,ITALMARK SPA,Via Padana Superiore,SI,,2700,5502,8202,45.55553876505679,10.090126832473372,"(45.55553876505679, 10.090126832473372)"
5380,CO,13128,LIMIDO COMASCO,ORCHIDEA SAS DI BIANCHI A. & C.,Via Marconi 56,,C,0,1970,1970,45.694768391730115,8.978151272228182,"(45.694768391730115, 8.978151272228182)"
7852,VA,12083,INDUNO OLONA,ESSELUNGA SPA,"Via Ronchetti, 20",,,2250,1750,4000,45.84645447411563,8.840889155333617,"(45.84645447411563, 8.840889155333617)"
3010,MB,108019,CESANO MADERNO,RIALTO SRL,Corso Liberta' Angolo Monteverdi,SI,,1900,850,2750,45.62635620408794,9.140903262669717,"(45.62635620408794, 9.140903262669717)"
10672,PV,18110,PAVIA,G. S. S.P.A.,Via Vigentina,SI,,3200,7900,11100,45.20473897992175,9.173712910701603,"(45.20473897992175, 9.173712910701603)"
2530,BS,17062,CORTE FRANCA,CENTRO FRANCIACORTA ISEO SPA,"Via Roma, 78",SI,,980,8411,9391,45.6424400979325,10.012874893364243,"(45.6424400979325, 10.012874893364243)"
7569,CO,13138,LURATE CACCIVIO,TAGLIABUE FRATELLI E FIGLI DI TAGLIABUE ENRICO & C.,"Via 25 Aprile, 38",,C,0,3000,3000,45.77025336849561,8.989377762208333,"(45.77025336849561, 8.989377762208333)"
129,CR,19036,CREMONA,EUROCOMMERCIAL PROPERTIES ITALIA,Via Castelleone,SI,,6200,12630,18830,45.150146354635446,9.998031741826459,"(45.150146354635446, 9.998031741826459)"
1934,BG,16182,ROGNO,ARREDAMENTI SRL,"Via M. Grappa, 1",,C,0,2596,2596,45.86259741140535,10.14682998433195,"(45.86259741140535, 10.14682998433195)"
6397,LC,97010,BRIVIO,ALBANI MOBILI SAS DI ALBANI,Via Como 84,,C,0,1657,1657,45.735181754241026,9.420250170312933,"(45.735181754241026, 9.420250170312933)"
10222,BS,17078,GHEDI,IMMOBILIARE IL PONTE SPA,Localit?� San Firmo,SI,,2800,8051,10851,45.39717982524917,10.267861661047924,"(45.39717982524917, 10.267861661047924)"
10419,MI,15118,LEGNANO,ESSELUNGA SPA,Galleria Cantoni 2/4,,,2238,2015,4253,45.59881126761149,8.917772948157701,"(45.59881126761149, 8.917772948157701)"
13753,MI,15009,ARESE,TEA S.P.A.,Via Ponchielli N. 7 - 20019 Milano,SI,,5800,49200,55000,45.56452881377607,9.054757869648219,"(45.56452881377607, 9.054757869648219)"
9889,MI,15250,BARANZATE,ESSELUNGA SPA,Via Milano,,,2040,1360,3400,45.5307622896654,9.105685315769474,"(45.5307622896654, 9.105685315769474)"
464,LC,97020,CERNUSCO LOMBARDONE,DE GENNIS PAOLO,Via Spluga 115,SI,,2100,1530,3630,45.688867654917864,9.40242140275267,"(45.688867654917864, 9.40242140275267)"
10606,MI,15167,PANTIGLIATE,LEROY MERLIN ITALIA SRL,Strada Vecchia Paullese 11,,D,0,8150,8150,45.42829167126815,9.371655429494373,"(45.42829167126815, 9.371655429494373)"
4525,MB,108039,SEREGNO,EGE FIGLI DI DELL'ORTO SRL,"Via G. Galilei, 45",,C,0,3100,3100,45.64818805533551,9.21461073962031,"(45.64818805533551, 9.21461073962031)"
27,MI,15144,MESERO,KIRSCHE S.P.A.,Via Piemonte N. 1,SI,,350,1450,1800,45.497674932276674,8.858643467077458,"(45.497674932276674, 8.858643467077458)"
672,BS,17161,REZZATO,ROSSETTO TRADE S.R.L.,"V. Mazzini, 97",SI,,3400,3957,7357,45.5142302252307,10.297283423751166,"(45.5142302252307, 10.297283423751166)"
218,LO,98029,GUARDAMIGLIO,PANCOTTI SPA,"Via Emilia, 23",,D,0,1596,1596,45.11589032908384,9.686595629129275,"(45.11589032908384, 9.686595629129275)"
1778,MI,15011,ASSAGO,GS SPA,Via Milanofiori,SI,,5896,27910,33806,45.40353397626472,9.151646240661789,"(45.40353397626472, 9.151646240661789)"
11971,BS,17043,CASTENEDOLO,IMMOBILTRADE SRL,Localit?� Fascia D?�Oro,SI,,0,14900,14900,45.45828875447748,10.323760997048963,"(45.45828875447748, 10.323760997048963)"
957,MN,20066,VIADANA,SMA SPA,"Via Moro, 1",,,1482,2018,3500,44.93790016337815,10.48960441640762,"(44.93790016337815, 10.48960441640762)"
10196,MI,15146,MILANO,ARNAUDO LUIGI,"Via Don L. Palazzolo, 20",,,4000,1403,5403,45.48843293819916,9.146383284959803,"(45.48843293819916, 9.146383284959803)"
13315,LC,97026,COSTA MASNAGA,DOSS SPA,Via Paradiso,SI,,0,7000,7000,45.758915395939354,9.280361361107666,"(45.758915395939354, 9.280361361107666)"
12153,BS,17201,VILLANUOVA SUL CLISI,ITALMARK S.P.A.,"Via Zanardelli, 79",,,3000,240,3240,45.604245417863915,10.459655506681239,"(45.604245417863915, 10.459655506681239)"
949,BG,16219,TREVIGLIO,SOCRATE RETAIL S.R.L.,"Via Montegrappa, 31",SI,,2991,4590,7581,45.52041579650021,9.5819207124745,"(45.52041579650021, 9.5819207124745)"
14236,MB,108051,BUSNAGO,BEST BUY SRL,Via Italia 201/203,,D,0,2000,2000,45.619562310667924,9.47812464357562,"(45.619562310667924, 9.47812464357562)"
11882,MI,15249,VANZAGHELLO,BENNET,Corso Italia  27,SI,,3500,4500,8000,45.5993088873395,8.7967744180748,"(45.5993088873395, 8.7967744180748)"
8734,BG,16089,CURNO,EUROCOMMERCIAL PROPERTIES ITALIA SRL,"Via E. Fermi, 1",SI,,5313,18657,23970,45.682845653187165,9.610680961712097,"(45.682845653187165, 9.610680961712097)"
5873,CO,13227,TURATE,D'AMBROS S.R.L.,"Via Perla Massina,45",SI,,3500,412,3912,45.64652248404951,8.980707703994655,"(45.64652248404951, 8.980707703994655)"
9979,MN,20015,CASTEL GOFFREDO,IMMOBILIARE IL PONTE SPA,Via Donizetti/Via Castiglione,SI,,3200,7800,11000,45.302056295625704,10.47244058430702,"(45.302056295625704, 10.47244058430702)"
622,BS,17029,BRESCIA,ESSELUNGA SPA,"Via Milano, 50",,,1710,1140,2850,45.54462539963757,10.194920613454304,"(45.54462539963757, 10.194920613454304)"
14314,BG,16089,CURNO,MEGASTORE DEL IDEA SRL,Via Bergamo 23/A,,C,0,1962,1962,45.69073001164018,9.624136648018702,"(45.69073001164018, 9.624136648018702)"
10087,MI,15166,PADERNO DUGNANO,GRANCASA SPA,Via Amendola 45/47,SI,,0,7171,7171,45.57452434590021,9.179016431686048,"(45.57452434590021, 9.179016431686048)"
4507,VA,12122,SOLBIATE OLONA,IPER MONTEBELLO SPA,Via Per Busto Arsizio 11,SI,,5000,6682,11682,45.64102193870055,8.863046749662415,"(45.64102193870055, 8.863046749662415)"
6653,CO,13075,COMO,COIN S.P.A.,"Via Boldoni, 3",,A,485,2415,2900,45.81147367952473,9.082149849595329,"(45.81147367952473, 9.082149849595329)"
9479,BS,17029,BRESCIA,SMA,"Via Valcamonica, 17",SI,,2300,6037,8337,45.54589803914655,10.170221706699186,"(45.54589803914655, 10.170221706699186)"
7210,MI,15195,SAN GIULIANO MILANESE,IPEA SRL,Via Della Pace,SI,,30,14719,14749,45.37799982088866,9.307156425921,"(45.37799982088866, 9.307156425921)"
10223,BS,17113,MONTICHIARI,ISOLA VERDE S.P.A.,"S.P. Goitese, 236 - Via Levate",SI,,50,14850,14900,45.43689450261011,10.353547606751167,"(45.43689450261011, 10.353547606751167)"
3479,MI,15118,LEGNANO,GRAN CASA SPA,"Via Jucker, 1/3",,C,18,9232,9250,45.61090712076721,8.931331940847285,"(45.61090712076721, 8.931331940847285)"
9427,MB,108052,CAPONAGO,LEROY MERLIN ITALIA S.R.L,Via Galileo Galilei,,D,0,5600,5600,45.56992126461066,9.368051641460147,"(45.56992126461066, 9.368051641460147)"
8970,MI,15146,MILANO,BERALDO STEFANO,"V. Polesine, 39",,,30,2607,2637,45.43988990978542,9.222595323067658,"(45.43988990978542, 9.222595323067658)"
3833,BS,17166,ROVATO,GESTIONE CENTRI COMMERCIALI SPA,Via I Maggio 36,,,4000,2500,6500,45.55907117881963,10.014423153896969,"(45.55907117881963, 10.014423153896969)"
11973,MI,15195,SAN GIULIANO MILANESE,AEDIFICAT SYNERGY SRL,Via Emilia Ang. Via Tolstoj,SI,,2390,12350,14740,45.38091742172817,9.30228415852659,"(45.38091742172817, 9.30228415852659)"
9393,MN,20038,OSTIGLIA,MAXI DI SRL,Via Provinciale Per Mantova,,,1499,1000,2499,45.0650155420869,11.13722443403507,"(45.0650155420869, 11.13722443403507)"
8895,CO,13154,MONTANO LUCINO,BENNET SPA,"Via Cav. Enzo Ratti, 2",SI,,3074,7810,10884,45.78592494325276,9.047400226424925,"(45.78592494325276, 9.047400226424925)"
9715,MB,108033,MONZA,LA RINASCENTE SPA,Via Lario 17,SI,,4818,11496,16314,45.59547989892577,9.245481541779819,"(45.59547989892577, 9.245481541779819)"
6245,BS,17125,ORZINUOVI,IITALMARK  SPA,"Via Adua, 35",SI,,1800,1607,3407,45.41067850015328,9.934007647131654,"(45.41067850015328, 9.934007647131654)"
2396,MB,108024,GIUSSANO,SSC SOCIETA' SVILUPPO COMMERCIALE SRL,"Via Prealpi, 41",SI,,3859,10606,14465,45.68995587684265,9.212003852832824,"(45.68995587684265, 9.212003852832824)"
3808,MB,108044,USMATE VELATE,RIALTO SRL,Localita Cascina Corrada,SI,,2628,1955,4583,45.64080578690196,9.368238723048286,"(45.64080578690196, 9.368238723048286)"
3040,MN,20045,PORTO MANTOVANO,SQUASSABIA GROUP,"Str.  Cisa, 137",,C,0,2900,2900,45.21200842874382,10.795925910061635,"(45.21200842874382, 10.795925910061635)"
11025,MN,20045,PORTO MANTOVANO,PORTO MANTOVANO SCARPE SRL,"Via Karl Marx, 2",,A,0,2514,2514,45.21427206373993,10.796586858280085,"(45.21427206373993, 10.796586858280085)"
2424,BS,17179,SIRMIONE,SQUASSABIA GROUP,Via Brescia 58,,C,0,1700,1700,45.46337485113007,10.599191772598862,"(45.46337485113007, 10.599191772598862)"
5327,BG,16003,ALBANO SANT'ALESSANDRO,AWG OUTLETS BERGAMO S.R.L.,"Via Tonale, 101",SI,,2658,13342,16000,45.6843392737691,9.787244465059143,"(45.6843392737691, 9.787244465059143)"
8495,SO,14045,MORBEGNO,PEZZINI SPA,Viale Stelvio 300,,C,0,3627,3627,46.13745792738293,9.594579092351918,"(46.13745792738293, 9.594579092351918)"
870,BG,16042,BRUSAPORTO,BARCELLA ARREDAMENTI SAS,"Via Bagnatica, 13",,C,0,2350,2350,45.66860502391162,9.76765671336987,"(45.66860502391162, 9.76765671336987)"
1049,BS,17042,CASTEL MELLA,GOITO SUPERMERCATI SRL,Via Della Fornace - Loc. Colorne,,,1500,600,2100,45.48905414294235,10.149375158313367,"(45.48905414294235, 10.149375158313367)"
12599,MI,15189,ROZZANO,FIORDALISO SPA,Corso S. Pertini 10/14,SI,,212,11736,11948,45.39003243687956,9.177535537209492,"(45.39003243687956, 9.177535537209492)"
5365,MI,15167,PANTIGLIATE,ESSELUNGA SPA,"Strada Vecchia Paullese, 15",,D,2300,2200,4500,45.42865310042095,9.369679901437298,"(45.42865310042095, 9.369679901437298)"
11529,MI,15205,SEGRATE,WESTFIELD - EX I.B.P. S.R.L.,Area Ex Dogana Segrate,SI,,15000,115000,130000,45.46334817310172,9.27363868554281,"(45.46334817310172, 9.27363868554281)"
1093,BS,17107,MAZZANO,AUCHAN SPA - GALLERIE COMMERCIALE SPA,Via De Gasperi 6,SI,,5200,13669,18869,45.50150045556079,10.349555242536525,"(45.50150045556079, 10.349555242536525)"
13644,VA,12136,VENEGONO INFERIORE,TONAZZO SRL,Via D.Chiesa,,C,0,10658,10658,45.72940466843278,8.886494968222745,"(45.72940466843278, 8.886494968222745)"
6073,VA,12133,VARESE,CERESIO SRL,Via Gasparotto,,C,0,4120,4120,45.79248402597017,8.83022536136331,"(45.79248402597017, 8.83022536136331)"
13116,BS,17181,SONICO,PASQUINI GIOVANNI PAOLO,Via Nazionale 36,,C,0,1638,1638,46.16681463751768,10.34985300761377,"(46.16681463751768, 10.34985300761377)"
3483,MI,15118,LEGNANO,OBI ITALIA SRL,"Ss Saronnese, 26",,D,0,5700,5700,45.608548910819664,8.921555838072454,"(45.608548910819664, 8.921555838072454)"
3135,BS,17065,DARFO BOARIO TERME,SERMARK SPA,"Via Nazionale, 43",SI,,4979,13585,18564,45.87225430766524,10.15477502258629,"(45.87225430766524, 10.15477502258629)"
3692,SO,14015,CASTIONE ANDEVENNO,S.C. EVOLUTION,"Via Nazionale, 29",SI,,3061,9607,12668,46.16256941006696,9.806778499173154,"(46.16256941006696, 9.806778499173154)"
5534,LO,98045,PIEVE FISSIRAGA,BENNET SPA,"Viale Nazioni Unite, 1",SI,,3500,14700,18200,45.27552650584702,9.457262126164643,"(45.27552650584702, 9.457262126164643)"
10889,LC,97012,CALCO,ESSELUNGA SPA,Sp 342 Dir. Via Nazionale Ang. Via Scagnello,,,1850,830,2680,45.71711833540193,9.407346938554154,"(45.71711833540193, 9.407346938554154)"
10226,MI,15146,MILANO,GIOVANNI VILLA SRL,Viale Ornato N. 169 Angolo Via Del Regno Italico,SI,,2500,1780,4280,45.52715553952906,9.191698681197966,"(45.52715553952906, 9.191698681197966)"
5500,MI,15175,PIOLTELLO,ESSELUNGA SPA,"Via S. Francesco, 30",SI,,2940,1965,4905,45.50295590626897,9.322060350342545,"(45.50295590626897, 9.322060350342545)"
4049,CO,13242,VERTEMATE CON MINOPRIO,LA RINASCENTE SPA,"Via S.S. Dei Giovi, 9/B",,D,0,3500,3500,45.71671859183698,9.074208049967618,"(45.71671859183698, 9.074208049967618)"
2414,MI,15182,RHO,ESSELUNGA SPA,Corso Europa Angolo Via Di Giacomo,,,2790,1410,4200,45.53883055354015,9.016739329410106,"(45.53883055354015, 9.016739329410106)"
4297,MB,108051,BUSNAGO,MERCURIO,"Via Italia, 197",SI,,5736,29004,34740,45.62079161415101,9.473964825367005,"(45.62079161415101, 9.473964825367005)"
14807,BG,16150,ORIO AL SERIO,ECH ITALIA 1 SRL,Via Portico,SI,,0,6463,6463,45.664222318787495,9.69492681205113,"(45.664222318787495, 9.69492681205113)"
12881,MI,15195,SAN GIULIANO MILANESE,IKEA ITALIA RETAIL S.R.L.,Via Po 1/3/5,,,250,21750,22000,45.38981120748167,9.259963564697971,"(45.38981120748167, 9.259963564697971)"
2415,MI,15182,RHO,RHOCENTER,Via Capuana Ang Corso Europa,SI,,0,9438,9438,45.536921881971566,9.019267871977222,"(45.536921881971566, 9.019267871977222)"
3646,BG,16198,SERIATE,LEROY MERLIN ITALIA SRL,"Via Cassinone, Snc",,D,0,10000,10000,45.6579203310639,9.739724298185369,"(45.6579203310639, 9.739724298185369)"
10892,LO,98019,CODOGNO,MAXI DI SRL,Viale  Marconi 36,SI,,1950,1500,3450,45.16086688116077,9.718781294382579,"(45.16086688116077, 9.718781294382579)"
11470,VA,12121,SOLBIATE ARNO,TIGROS SPA,Via Del Lavoro N. 45,SI,,1950,2050,4000,45.71921760053103,8.810156925132004,"(45.71921760053103, 8.810156925132004)"
6716,BS,17043,CASTENEDOLO,SMA S.P.A.,Via Brescia N. 65-67,,,1990,1329,3319,45.4852040029398,10.279887919987734,"(45.4852040029398, 10.279887919987734)"
8813,MI,15195,SAN GIULIANO MILANESE,G.M.S. SRL FIN GRANCASA,Via Tolstoy 85,SI,,0,14445,14445,45.37962657094603,9.305958039104516,"(45.37962657094603, 9.305958039104516)"
796,VA,12026,BUSTO ARSIZIO,CENTRO COMMERCIALE TICINO,Via Delle Allodole,SI,,2320,930,3250,45.604265004196535,8.818271591915602,"(45.604265004196535, 8.818271591915602)"
3666,VA,12042,CASTELLANZA,GRANDI MAGAZZINI E SUPERMERCATI IL GIGANTE S.P.A.,Via Diaz 7,,,4695,2012,6707,45.60663301755313,8.899489030471598,"(45.60663301755313, 8.899489030471598)"
7704,MN,20030,MANTOVA,COOP CONSUMATORI NORDEST S.C.A R.L.,"Piazzale Beccaria, 1",SI,,5700,6300,12000,45.16891250593457,10.823217514713702,"(45.16891250593457, 10.823217514713702)"
4527,MI,15213,SOLARO,ESSELUNGA SPA,Via Varese 57,,,1500,2000,3500,45.61676658170036,9.07320395201228,"(45.61676658170036, 9.07320395201228)"
461,PV,18095,MONTEBELLO DELLA BATTAGLIA,IPER MONTEBELLO SPA,Via Ing A Mazza,SI,,7150,18242,25392,44.99927971098332,9.074340031162185,"(44.99927971098332, 9.074340031162185)"
13756,MN,20057,SAN GIORGIO DI MANTOVA,MARTINELLI GIAN PAOLO,Via Del Commercio,,,3000,1500,4500,45.16848029809003,10.851154966316733,"(45.16848029809003, 10.851154966316733)"
6705,MB,108004,ARCORE,ESSELUNGA S.P.A.,V. Gilera,,,2086,894,2980,45.632732512858894,9.334402142229063,"(45.632732512858894, 9.334402142229063)"
7585,CO,13222,TAVERNERIO,CARREFOUR,"Via Briantea, 4",,,1629,1086,2715,45.79494854225482,9.146036269483858,"(45.79494854225482, 9.146036269483858)"
9879,SO,14054,PRATA CAMPORTACCIO,IPERAL SPA,Via Giulio Chiarelli 4-6,SI,,1734,1866,3600,46.31168882932892,9.397382781798814,"(46.31168882932892, 9.397382781798814)"
3478,MI,15118,LEGNANO,BENNET SPA,"Corso Italia, 25",,,1300,1300,2600,45.596209789962636,8.916365017017336,"(45.596209789962636, 8.916365017017336)"
8209,MI,15146,MILANO,PALLONI ANTONIO,"Via Novara, 15",,,1848,2161,4009,45.46824512645535,9.127802404668335,"(45.46824512645535, 9.127802404668335)"
8214,MI,15146,MILANO,SIMONETTO ROBERTO,"Via Missaglia, 22",,,2249,964,3213,45.42729301766868,9.176813374725342,"(45.42729301766868, 9.176813374725342)"
1412,VA,12138,VERGIATE,CONFORAMA ITALIA SPA,"Via Sempione, 64",,C,0,5390,5390,45.717531617796915,8.692277015187067,"(45.717531617796915, 8.692277015187067)"
1088,MI,15085,CORBETTA,ESSELUNGA SPA,Via Settembrini Ang. Via Nievo,SI,,1898,2474,4372,45.47190672279387,8.90533081198247,"(45.47190672279387, 8.90533081198247)"
7703,MN,20030,MANTOVA,IL MERCATONE DI DESENZANO SRL,Via Sartori 7/9,,D,0,3800,3800,45.15601696481197,10.839938911320516,"(45.15601696481197, 10.839938911320516)"
6654,CO,13075,COMO,BENNET S.P.A.,"Via Asiago, 40",SI,,1920,3355,5275,45.837740498489886,9.059015759828876,"(45.837740498489886, 9.059015759828876)"
4134,BG,16233,VERDELLO,CENTRO COMMERCIALE,Viale Piemonte,SI,,1033,7629,8662,45.5915035377068,9.623626810626787,"(45.5915035377068, 9.623626810626787)"
13317,MI,15209,SESTO SAN GIOVANNI,SESTO IMMOBILIARE SPA,Viale Marelli,SI,,5000,68500,73500,45.5397266449182,9.242339489418832,"(45.5397266449182, 9.242339489418832)"
5894,BS,17118,NIARDO,GRUPPO ESSE,Via  Brendibusio 21,,C,0,3300,3300,45.97953740853945,10.32263369124011,"(45.97953740853945, 10.32263369124011)"
619,BS,17029,BRESCIA,CARNEVALI SPA,Via Cefalonia 77,,A,0,3420,3420,45.52433542707002,10.21775026535317,"(45.52433542707002, 10.21775026535317)"
7706,MN,20030,MANTOVA,SMA SRL,"Via Verona, 83/85",,,1300,1700,3000,45.17987860185473,10.788599052834773,"(45.17987860185473, 10.788599052834773)"
194,MI,15077,CINISELLO BALSAMO,RIALTO SRL,"Via De Amicis, 2",SI,,3474,11136,14610,45.561082952692836,9.228768025381632,"(45.561082952692836, 9.228768025381632)"
7610,PV,18041,CAVA MANARA,G.M.C.A. - GRANDI MAGAZZINI CAVA MANARA,"Via Turati, 18,20,22",,C,0,7500,7500,45.12989657148858,9.120743262895529,"(45.12989657148858, 9.120743262895529)"
9544,BS,17161,REZZATO,BOTTI ARREDA S.R.L.,Via Mazzini 53,,C,0,2853,2853,45.51345617851619,10.302724267914853,"(45.51345617851619, 10.302724267914853)"
118,MI,15002,ABBIATEGRASSO,ESSELUNGA SPA,"Via Dante, 41",,,2150,1150,3300,45.39286571715678,8.927025212949511,"(45.39286571715678, 8.927025212949511)"
2425,PV,18039,CASTELLO D'AGOGNA,CENTRO CALZATURIERO CASTELLO SNC,Via Novara N.2,,A,0,2300,2300,45.23493359161607,8.689133585246866,"(45.23493359161607, 8.689133585246866)"
1695,LO,98040,MONTANASO LOMBARDO,IL GIGANTE SPA,Via Emilia 2,SI,,3300,6513,9813,45.325577224392724,9.445796090182986,"(45.325577224392724, 9.445796090182986)"
10888,BS,17195,VEROLANUOVA,PROGETTO R.E.M. SRL,"Via J,F,Kennedy Localita' Bettolino",SI,,4000,7700,11700,45.313234858622735,10.115193715493868,"(45.313234858622735, 10.115193715493868)"
13814,MI,15220,TREZZANO SUL NAVIGLIO,IMMOBILIARE COMMERCIALE ITALIANA,"Via Copernico,9",,A,0,6740,6740,45.41905608234718,9.083383058582926,"(45.41905608234718, 9.083383058582926)"
10224,BS,17195,VEROLANUOVA,VEROLA UNO SRL,Via Delle Robinie,SI,,3500,8200,11700,45.31653285957236,10.073076525854932,"(45.31653285957236, 10.073076525854932)"
8969,MI,15146,MILANO,BERALDO STEFANO,"C.So Buenos Aires, 21",,,1000,2030,3030,45.47820887567132,9.20846225847953,"(45.47820887567132, 9.20846225847953)"
807,VA,12026,BUSTO ARSIZIO,LE TORRI/ STORE HOUSE LOMBARDO SRL,Ss 33 Sempione,,C,0,3300,3300,45.61882094185707,8.869944949011664,"(45.61882094185707, 8.869944949011664)"
10598,BS,17029,BRESCIA,CISALFA SPORT SPA,Via Dalmazia 90,,,180,3419,3599,45.525863653011086,10.196955918551891,"(45.525863653011086, 10.196955918551891)"
8206,MI,15146,MILANO,PERIN NICOLA,"Piazzale A. Cantore, 12",,A,50,3420,3470,45.45568950632501,9.172506308193233,"(45.45568950632501, 9.172506308193233)"
3225,MI,15093,CORSICO,LEROY MERLIN ITALIA S.R.L.,V.Le  Dell' Industria 4/2,,D,0,7780,7780,45.43159029046254,9.079643660317071,"(45.43159029046254, 9.079643660317071)"
6300,MI,15181,RESCALDINA,AUCHAN SPA,"Via Togliatti, 4",SI,,6785,16415,23200,45.6094422380885,8.963237037109142,"(45.6094422380885, 8.963237037109142)"
6683,MI,15220,TREZZANO SUL NAVIGLIO,MARILAN SRL,"V. Curiel, 38",,,2000,800,2800,45.422870427269075,9.064779442747211,"(45.422870427269075, 9.064779442747211)"
491,BG,16222,URGNANO,EDIL COFFETTI S.R.L.,"Via Don Fadini, 31",,,0,1800,1800,45.621306971924945,9.726248406100593,"(45.621306971924945, 9.726248406100593)"
10890,LC,97022,CIVATE,SC EVOLUTION SPA,Via Papa Giovanni Xxiii Via Alla Santa,SI,,2000,7487,9487,45.83205693195229,9.351061917669261,"(45.83205693195229, 9.351061917669261)"
1323,VA,12136,VENEGONO INFERIORE,ESSELUNGA SPA,Via Kennedy/Ang. Via Chiesa,SI,,2075,2805,4880,45.72966334327928,8.884049545596014,"(45.72966334327928, 8.884049545596014)"
5254,MN,20033,MARMIROLO,ROSSETTO GROUP S.R.L.,"Via Buozzi, 2",,,1853,355,2208,45.21289708823627,10.760860560192882,"(45.21289708823627, 10.760860560192882)"
14412,LC,97048,MERATE,AUCHAN SPA,Via Bergamo 19,SI,,4300,9222,13522,45.68986062090393,9.41965297082532,"(45.68986062090393, 9.41965297082532)"
1774,MI,15011,ASSAGO,MILANOFIORI 2000 SRL,Via Della Fonte Lunga 1 - Ed. C,,D,0,3600,3600,45.40051106137882,9.148274741705983,"(45.40051106137882, 9.148274741705983)"
11152,VA,12090,LONATE POZZOLO,BENNET SPA,Via Busto Arsizio,SI,,3000,2749,5749,45.594245352273894,8.780583114678178,"(45.594245352273894, 8.780583114678178)"
14034,BG,16024,BERGAMO,GRUPPO COIN S.P.A.,"V. Zambonate, 11",,A,50,4400,4450,45.69250853492535,9.66678891610491,"(45.69250853492535, 9.66678891610491)"
14354,BS,17069,ERBUSCO,S. NEGOZI S.R.L.,Via Cantarane 4,,C,0,4000,4000,45.58007654002801,9.99615759834546,"(45.58007654002801, 9.99615759834546)"
2399,MI,15166,PADERNO DUGNANO,G.S. SPA,S.S.  N.  35 Dei Giovi -,SI,,3588,17194,20782,45.57432206062188,9.180660809729874,"(45.57432206062188, 9.180660809729874)"
6677,BS,17174,SAREZZO,ESSELUNGA SPA,P.Le Europa,,,3353,0,3353,45.64572998728356,10.201049648788022,"(45.64572998728356, 10.201049648788022)"
6395,BG,16193,SARNICO,ITALMARK  S.P.A.,"V. Predore, 27",,,1000,670,1670,45.67552262108761,9.97724829347227,"(45.67552262108761, 9.97724829347227)"
1445,VA,12138,VERGIATE,UTILITY SRL,"Via Sempione, 51",,C,0,1728,1728,45.71371222028746,8.69283258720744,"(45.71371222028746, 8.69283258720744)"
6081,VA,12004,ARCISATE,CAVALCA SPA,"Via Machiavelli, 5",,A,0,2587,2587,45.86097704441812,8.877762981134241,"(45.86097704441812, 8.877762981134241)"
14353,BS,17069,ERBUSCO,S. NEGOZI S.R.L.,Via Cantarane 4,,C,0,4148,4148,45.57993308292563,9.996968356443112,"(45.57993308292563, 9.996968356443112)"
5120,BS,17165,RONCADELLE,IKEA ITALIA RETAIL SRL - MELLA 2000 SRL,"Via M. D'Antona E M. Biagi, 9",,C,90,18126,18216,45.52856066219122,10.173933655341896,"(45.52856066219122, 10.173933655341896)"
3948,MB,108028,LISSONE,LEROY MARLIN ITALIA SRL,"Via Nuova Valassina, 57",,D,0,9940,9940,45.59849932309794,9.23693468500666,"(45.59849932309794, 9.23693468500666)"
1996,CR,19005,BAGNOLO CREMASCO,GESTIONE CENTRI COMMERCIALI S.R.L.,Via L. Da Vinci  N. 61,SI,,1500,5946,7446,45.363535421585546,9.63178353729088,"(45.363535421585546, 9.63178353729088)"
14803,BG,16120,GRUMELLO DEL MONTE,SUPERMERCATI EUROPA,V.Roma 94,,,1219,880,2099,45.63734578645445,9.878027050520593,"(45.63734578645445, 9.878027050520593)"
10221,BG,16207,STEZZANO,ALTACERRO S.R.L.,"Via Guzzanica, 62,64",SI,,3060,18030,21090,45.649250725829354,9.632207997234847,"(45.649250725829354, 9.632207997234847)"
9391,MI,15154,NERVIANO,AUCHAN SPA,Ss 33 Sempione,SI,,2600,6700,9300,45.552981290950534,8.987110429630787,"(45.552981290950534, 8.987110429630787)"
11468,MB,108027,LIMBIATE,HI TECH SPA,Via Monza N.75,SI,,1490,8517,10007,45.59405467973259,9.12520545802739,"(45.59405467973259, 9.12520545802739)"
13341,BS,17029,BRESCIA,LONATI SPA,Viale S.Eufemia Angolo Via Serenissima,SI,,1000,13950,14950,45.518423974938464,10.283098694361462,"(45.518423974938464, 10.283098694361462)"
1613,LC,97042,LECCO,ESSELUNGA S.P.A.,"Via Buozzi, 15/D/E",,,2600,1545,4145,45.84103060982816,9.403307674804235,"(45.84103060982816, 9.403307674804235)"
4887,PV,18177,VIGEVANO,ESSELUNGA SPA,Via S. Maria Ang. Via Commercio,SI,,2135,2865,5000,45.301704640552465,8.860254741490149,"(45.301704640552465, 8.860254741490149)"
14456,BG,16024,BERGAMO,OVS S.P.A.,Via Tiraboschi 53,,A,1147,2803,3950,45.69323000597307,9.669042933935327,"(45.69323000597307, 9.669042933935327)"
10231,MN,20003,BAGNOLO SAN VITO,REE ITALIA   SRL,Localit?� Zaita,SI,,1500,3600,5100,45.0936770421313,10.858872164016432,"(45.0936770421313, 10.858872164016432)"
4506,VA,12122,SOLBIATE OLONA,FACIB DI CORTESI & C SPA,"Via Per Fagnano, 11",,A,0,1800,1800,45.655398638413125,8.868768003329105,"(45.655398638413125, 8.868768003329105)"
1546,MI,15036,BUCCINASCO,ESSELUNGA SPA,Viale Degli Alpini,,,2310,490,2800,45.43376155528966,9.121045744534545,"(45.43376155528966, 9.121045744534545)"
11972,CO,13107,GERA LARIO,S.C. EVOLUTION,"Via La Rosa N. 354,Piantedo",SI,,0,5000,5000,46.14119115863022,9.415364169731847,"(46.14119115863022, 9.415364169731847)"
2325,VA,12013,BESOZZO,TIGROS SPA,"Via L. Da Vinci, 1",,,1487,457,1944,45.841438505574054,8.669523407391,"(45.841438505574054, 8.669523407391)"
11467,BG,16009,AMBIVERE,DOSS SPA,Via Mazzini,SI,,700,5800,6500,45.71875944169523,9.555380466246945,"(45.71875944169523, 9.555380466246945)"
4191,BS,17081,GUSSAGO,ITALMARK SPA,"Via Richiedei, 59",SI,,1155,2231,3386,45.59097964369128,10.153011912008854,"(45.59097964369128, 10.153011912008854)"
2466,BG,16089,CURNO,SELFITALIA SRL,"Via Bergamo, 36",,D,0,4788,4788,45.69103144793846,9.620694054654168,"(45.69103144793846, 9.620694054654168)"
6096,VA,12133,VARESE,GRUPPO COIN S.P.A.,V. V. Veneto 14,,A,50,3650,3700,45.81702998228874,8.829604249818852,"(45.81702998228874, 8.829604249818852)"
4697,MN,20021,CURTATONE,TIZIANO IMMOBILIARE SRL,Via Generale De Laugier C.M.,SI,,4277,9025,13302,45.15298223266326,10.720713316517632,"(45.15298223266326, 10.720713316517632)"
5113,BS,17163,RODENGO SAIANO,(FRANCIACORTA RETAIL S.R.L.DEGI FRANCIA S.R.L.),Localita Moie,SI,,0,24551,24551,45.5774683164888,10.118960036471075,"(45.5774683164888, 10.118960036471075)"
621,BS,17029,BRESCIA,ESSELUNGA,"Via  Volta, 54",,,1300,1620,2920,45.512470648242186,10.22502165192093,"(45.512470648242186, 10.22502165192093)"
4441,MI,15189,ROZZANO,FIORDALISO SPA,Via Curiel N. 25,SI,,4500,29485,33985,45.39278722799034,9.176190229346046,"(45.39278722799034, 9.176190229346046)"
5504,MI,15016,BELLINZAGO LOMBARDO,ALTABASILIO SRL,Localit?� Villa Fornaci Fronte S.S. 11,SI,,4200,23749,27949,45.54649480901058,9.453282062629953,"(45.54649480901058, 9.453282062629953)"
6514,CO,13165,OLGIATE COMASCO,BENNET SPA,Via Lomazzo 4,SI,,1619,3361,4980,45.78257186450902,8.956968753831346,"(45.78257186450902, 8.956968753831346)"
10094,LC,97005,BARZAGO,FIRST ATLANTIC RE SGR SPA,Via Xxv Aprile 1,SI,,1120,1391,2511,45.75203302680013,9.324379032186643,"(45.75203302680013, 9.324379032186643)"
4429,MI,15211,SETTIMO MILANESE,K2 FUND DI BNP PARIBAS REIM SGR PA (*),"Via Reiss Romoli, 16",SI,,1735,5155,6890,45.47909845063564,9.062764109132694,"(45.47909845063564, 9.062764109132694)"
8915,MB,108028,LISSONE,ESSELUNGA SPA,Via Giardino Angolo Via Valassina,SI,,2865,8007,10872,45.60001596072298,9.230640998897027,"(45.60001596072298, 9.230640998897027)"
1767,MI,15011,ASSAGO,LEROY MERLIN ITALIA SRL,Via Della Fonte Lunga 9 - Ed. A,,D,0,13000,13000,45.3983060069535,9.147794063547886,"(45.3983060069535, 9.147794063547886)"
7207,LC,97068,PESCATE,BENNET SPA,Via Roma 7,SI,,1950,1620,3570,45.84169424013349,9.396804178096676,"(45.84169424013349, 9.396804178096676)"
4132,MB,108053,CORNATE D'ADDA,MERCURIO,Via Berlinguer 48,SI,,1433,21431,22864,45.62170650692219,9.475997566990161,"(45.62170650692219, 9.475997566990161)"
1377,MI,15101,DRESANO,MASCHI MATTEO,S.P.159 Sordio-Bettola,,C,0,4000,4000,45.37659446097597,9.358322285788281,"(45.37659446097597, 9.358322285788281)"
12281,BG,16144,NEMBRO,ESSELUNGA SPA,Via Cascina Colombaia N?? 3,SI,,1960,2315,4275,45.73587333577454,9.74789829282526,"(45.73587333577454, 9.74789829282526)"
1612,LC,97042,LECCO,COOP. DI CONSUMO LA POPOLARE S.P.A. A R.L.,"Corso Carlo Alberto, 120",SI,,2830,5120,7950,45.84034888945278,9.408531128442082,"(45.84034888945278, 9.408531128442082)"
617,BS,17029,BRESCIA,BENNET SPA,Via Genova 76,SI,,2500,2800,5300,45.520814301108246,10.18559324204113,"(45.520814301108246, 10.18559324204113)"
1355,CO,13095,ERBA,LA ROTONDA,Via Trieste,SI,,470,3324,3794,45.80351106532348,9.228151986479023,"(45.80351106532348, 9.228151986479023)"
4383,MI,15051,CARUGATE,EUROCOMMERCIAL PROPERTIES ITALIA S.R.L.,Str. Prov. 208 Km. 2,SI,,7278,22127,29405,45.54592227816259,9.330103609932518,"(45.54592227816259, 9.330103609932518)"
12154,BS,17201,VILLANUOVA SUL CLISI,ITALMARK S.P.A.,"Via Zanardelli, 79",,D,0,1650,1650,45.60430942665547,10.458596344101835,"(45.60430942665547, 10.458596344101835)"
11974,BG,16075,CISERANO,TECNOCOVERING SRL,Corso Europa,SI,,1700,650,2350,45.59262750060756,9.606532226902573,"(45.59262750060756, 9.606532226902573)"
3485,MN,20017,CASTIGLIONE DELLE STIVIERE,SOCIETA' 1985/3,"Via Mazzini , 109",SI,,2700,4360,7060,45.37600492964744,10.506539399951283,"(45.37600492964744, 10.506539399951283)"
7787,MN,20061,SERMIDE,RAMBALDI FAUSTO,Via Dei Cipressi 11,SI,,1400,2554,3954,45.0070054561757,11.286981551927022,"(45.0070054561757, 11.286981551927022)"
770,BG,16183,ROMANO DI LOMBARDIA,ZERBIMARK SPA- BENNET SPA,"Strada Statale Soncinese 498, Vi 18",SI,,4000,17950,21950,45.53270307112609,9.758649851936887,"(45.53270307112609, 9.758649851936887)"
2568,PV,18137,SAN MARTINO SICCOMARIO,IMMOBILIARE BENNET S.P.A,Strada Provinciale Per Mortara 3,SI,,5800,6325,12125,45.154026569086355,9.126873361945353,"(45.154026569086355, 9.126873361945353)"
671,MI,15077,CINISELLO BALSAMO,AUCHAN SPA,Via Castaldi 5,SI,,5022,24328,29350,45.55733570050213,9.242271902119022,"(45.55733570050213, 9.242271902119022)"
9878,CR,19035,CREMA,MARKETING TREND SPA - NATURA E SPORT SRL - TRIO SRL - BLOCKBUSTER ITALIA SPA,"Viale De Gasperi, 76",SI,,290,3095,3385,45.35881631949228,9.673444262166315,"(45.35881631949228, 9.673444262166315)"
5498,BS,17039,CARPENEDOLO,ITALMARK SPA,V. A. Pozzi,SI,,3500,2900,6400,45.35880048275802,10.433280807527563,"(45.35880048275802, 10.433280807527563)"
4430,MI,15211,SETTIMO MILANESE,OL.MAR SPA,"Via Gramsci, 115",SI,,3500,4850,8350,45.489464492510635,9.06430291703574,"(45.489464492510635, 9.06430291703574)"
1773,MI,15011,ASSAGO,UNIEURO SPA,Via Della Fonte Lunga 3 - Ed. B,,B,0,3650,3650,45.39931876385101,9.147415554524423,"(45.39931876385101, 9.147415554524423)"
10894,MI,15173,PIEVE EMANUELE,ASSET SRL,Quartiere Erp Ex Incis,SI,,1700,9300,11000,45.34243406453125,9.190832582244193,"(45.34243406453125, 9.190832582244193)"
6072,VA,12133,VARESE,UNIEURO S.P.A.,Via Saffi 88,,B,0,2600,2600,45.83475548319727,8.796427719741386,"(45.83475548319727, 8.796427719741386)"
13320,BG,16008,ALZANO LOMBARDO,LEONARDO SPA,Via Pesenti,SI,,2000,8250,10250,45.73183615445906,9.733474213528218,"(45.73183615445906, 9.733474213528218)"
4010,MI,15209,SESTO SAN GIOVANNI,MALENCO S.R.L.,Area Ex Vulcano,SI,,4200,22300,26500,45.53796722392356,9.251595512053832,"(45.53796722392356, 9.251595512053832)"
5189,BS,17143,PISOGNE,LANZINI ARREDAMENTI SNC,"Via Provinciale, 18",,C,0,3000,3000,45.830503343631115,10.130113354860113,"(45.830503343631115, 10.130113354860113)"
14808,MI,15077,CINISELLO BALSAMO,ESPERIDE SRL,"Viale Brianza, 2",SI,,0,4081,4081,45.550472352257486,9.239132722417535,"(45.550472352257486, 9.239132722417535)"
6595,MI,15106,GESSATE,ESSELUNGA SPA,"Via Della Filanda, 3",,,2092,523,2615,45.54408209332962,9.440738348302618,"(45.54408209332962, 9.440738348302618)"
6252,PV,18109,PARONA,BENNET SPA,"Via Case Sparse Per Vigevano, 4",SI,,4091,17694,21785,45.282919753078396,8.764943284316452,"(45.282919753078396, 8.764943284316452)"
10230,MI,15204,SEDRIANO,BENNET SPA,P.Zza Gandhi N. 6,SI,,2650,12300,14950,45.48380484303062,8.977200519015293,"(45.48380484303062, 8.977200519015293)"
734,PV,18102,MORTARA,BENNET SPA,"Via Lomellina, 59",SI,,2597,5826,8423,45.243317854572304,8.746995016290919,"(45.243317854572304, 8.746995016290919)"
3248,MI,15157,NOVATE MILANESE,BNP PARIBAS REIM SGR P.A. KLEPIERRE,Via Amoretti 1,SI,,3361,15989,19350,45.51965841146093,9.149692418164749,"(45.51965841146093, 9.149692418164749)"
6094,VA,12133,VARESE,IPER MONTEBELLO SPA,"V.Le Belforte, 315",SI,,6050,13310,19360,45.80651399879077,8.862872305900629,"(45.80651399879077, 8.862872305900629)"
2172,BS,17092,LONATO DEL GARDA,GUEMA MACCHINE SRL,"Via Mapella, 2/4",,D,0,2950,2950,45.46286354178343,10.504680570812138,"(45.46286354178343, 10.504680570812138)"
1176,MN,20027,GONZAGA,CALZOLARI SRL,"Via Cadellora, 4/6",,D,0,2000,2000,44.95630168679138,10.830909200346817,"(44.95630168679138, 10.830909200346817)"
6097,VA,12133,VARESE,OVS S.P.A.,P. Monte Grappa/V. Marconi,,A,30,2438,2468,45.817620241650225,8.826807053687395,"(45.817620241650225, 8.826807053687395)"
2324,BG,16207,STEZZANO,S NEGOZI S.R.L.,"Via Boito, 4",,C,0,8937,8937,45.653762836035284,9.635711417248338,"(45.653762836035284, 9.635711417248338)"
14662,PV,18137,SAN MARTINO SICCOMARIO,SUPERMERCATI EUROPA SRL,Via Piemonte 18/20,,,2015,490,2505,45.16477709796324,9.134450856313528,"(45.16477709796324, 9.134450856313528)"
12426,BG,16016,AZZANO SAN PAOLO,COMMERZAL REAL INVESTMENTGESELISCHFT MBH,Germania-Wiesbaden,SI,,2250,46750,49000,45.662274732791396,9.69492090501319,"(45.662274732791396, 9.69492090501319)"
12427,MI,15087,CORNAREDO,GALLERIE COMMERCIALI BENNET S.P.A.,Via Milano 30,SI,,4000,1980,5980,45.4909156391857,9.037196924644183,"(45.4909156391857, 9.037196924644183)"
5364,MI,15167,PANTIGLIATE,DUEPI,S.S. 415 Nuova Paullese,,C,0,5302,5302,45.42934854466764,9.363840959895223,"(45.42934854466764, 9.363840959895223)"
13437,PV,18095,MONTEBELLO DELLA BATTAGLIA,IMMOBILIARE GALLERIE COMMERCIALI,Via Mirabella,,A,0,2100,2100,44.99803650231751,9.070371435810586,"(44.99803650231751, 9.070371435810586)"
1337,CO,13064,CERMENATE,GALPAS SRL,Via Europa Unita,SI,,900,5023,5923,45.698892816659615,9.098752496138822,"(45.698892816659615, 9.098752496138822)"
10472,BG,16089,CURNO,ESSELUNGA SPA,"Via Bergamo, 48",SI,,1907,2169,4076,45.69193960549569,9.615602149830385,"(45.69193960549569, 9.615602149830385)"
5116,BS,17165,RONCADELLE,CONSORZIO OPERATORI C.C. LE RONDINELLE,"Via Mattei, 37/39",SI,,5533,20485,26018,45.53452648422432,10.149319028472897,"(45.53452648422432, 10.149319028472897)"
6095,VA,12133,VARESE,OVS S.P.A.,"V.Le Milano, 10",,A,30,4759,4789,45.81902194094816,8.83292705477615,"(45.81902194094816, 8.83292705477615)"
1877,BS,17088,LENO,ITALFRUTTA SPA,Via Brescia 1/A,,,1850,1650,3500,45.369753211019464,10.216107364568366,"(45.369753211019464, 10.216107364568366)"
9880,BG,16132,MAPELLO,VIRGILIO SPA,Via Strada Regia 4,SI,,4500,10490,14990,45.712919952151225,9.563039459100331,"(45.712919952151225, 9.563039459100331)"
13,BS,17099,MAIRANO,ITALMARK SPA,S.P.,SI,,0,8605,8605,45.44600576182212,10.098169458962246,"(45.44600576182212, 10.098169458962246)"
11975,MI,15206,SENAGO,GIAMARI SRL,"Via De Gasperi, 70",SI,,1500,3500,5000,45.55908165112914,9.114766897448497,"(45.55908165112914, 9.114766897448497)"
6005,MI,15165,OZZERO,PIZZI MARCO,Loc. Soria Vecchia,,A,0,2600,2600,45.357614174321974,8.91133991617862,"(45.357614174321974, 8.91133991617862)"
3480,MI,15118,LEGNANO,GRAN CASA SPA,"Via Jucker, 2",,C,0,6750,6750,45.61112885069096,8.934036146270632,"(45.61112885069096, 8.934036146270632)"
4884,LO,98011,CASELLE LANDI,MOBILI LAMBRI,"Via Papa Giovanni Xxiii, 2",,C,0,1850,1850,45.105749797749716,9.787696170692278,"(45.105749797749716, 9.787696170692278)"
2198,BG,16074,CISANO BERGAMASCO,RUGIADA,Via Milano 7,SI,,1500,3500,5000,45.740880974328796,9.45727732381552,"(45.740880974328796, 9.45727732381552)"
2682,MN,20065,SUZZARA,COOP. CONSUMATORI NORDEST SCRL- LA CITTA' GIARDINO S.R.L.,Via Lenin - Via Pasine,SI,,3040,7684,10724,44.99773987700662,10.734364196794772,"(44.99773987700662, 10.734364196794772)"
3229,MI,15093,CORSICO,IKEA ITALIA RETAIL SRL  -,"Via Marchesi, 4",,C,30,21445,21475,45.42776681456093,9.079252787928494,"(45.42776681456093, 9.079252787928494)"
4516,MB,108039,SEREGNO,ESSELUNGA SPA,V.Le Repubblica Ang. Montello,,,2000,1300,3300,45.64778707140532,9.226564578557777,"(45.64778707140532, 9.226564578557777)"
5115,BS,17165,RONCADELLE,B.B.C. S.R.L.,S.S. 11 - Loc. Mandolossa,,D,0,2990,2990,45.549409463274905,10.136884761048742,"(45.549409463274905, 10.136884761048742)"
14544,BG,16083,CORTENUOVA,ALFA IMMOBILIARE SRL,Via Trieste 15,SI,,5835,23241,29076,45.52757122053238,9.820028739966014,"(45.52757122053238, 9.820028739966014)"
9485,BG,16010,ANTEGNATE,INIZIATIVA 13 SRL,Ss 11,SI,,9000,14000,23000,45.482687056202174,9.782460709231193,"(45.482687056202174, 9.782460709231193)"
13389,MI,15105,GARBAGNATE MILANESE,ESSELUNGA SPA,Via I?? Maggio,SI,,2526,1874,4400,45.56319014586653,9.081300589624407,"(45.56319014586653, 9.081300589624407)"
14165,MI,15154,NERVIANO,GRANCASA S.P.A.,"Via Canova, 6",,D,0,8900,8900,45.55477479800163,8.980681172722278,"(45.55477479800163, 8.980681172722278)"
9881,MI,15243,VITTUONE,IPER MONTEBELLO S.P.A,Via S.P. 227 Dir (Vittuone/Cisliano) N. 2,SI,,4032,10868,14900,45.479979237140704,8.94765275385365,"(45.479979237140704, 8.94765275385365)"
4024,PV,18155,TORRAZZA COSTE,LEROY MERLIN ITALIA SRL EX LEROY MERLIN UNO SPA,"Via Emilia, 47",,D,0,5000,5000,44.98577211612524,9.077237615954294,"(44.98577211612524, 9.077237615954294)"
4009,MI,15209,SESTO SAN GIOVANNI,ESSELUNGA SPA,Via Rovani,,D,1550,3400,4950,45.536799518527275,9.230611302796081,"(45.536799518527275, 9.230611302796081)"
3688,VA,12108,OLGIATE OLONA,ESSELUNGA SPA,"Via Fagnano, 10",,,2985,1390,4375,45.62896379263759,8.85896536473675,"(45.62896379263759, 8.85896536473675)"
457,CO,13129,LIPOMO,ESSELUNGA SPA,Via Provinciale Per Lecco 1,,,2580,700,3280,45.79761810984323,9.11551037832144,"(45.79761810984323, 9.11551037832144)"
14477,BS,17029,BRESCIA,TRIUMPLINA 43 SPA,Via Triumplina 43,SI,,3060,6935,9995,45.518423974938464,10.283098694361462,"(45.518423974938464, 10.283098694361462)"
5523,CO,13110,GRANDATE,IPER MONTEBELLO SPA,"Via Leopardi, 2/A",SI,,4000,5638,9638,45.76908862136687,9.058537755241922,"(45.76908862136687, 9.058537755241922)"
13498,MN,20021,CURTATONE,COMET SPA,Via Costituzione 27 A,,B,0,4998,4998,45.129219983003736,10.768963420191564,"(45.129219983003736, 10.768963420191564)"
2208,PV,18182,VOGHERA,ESSELUNGA SPA,"Via A. Meucci, 2 A/B",,,2185,1150,3335,44.998011037679085,9.01636425209649,"(44.998011037679085, 9.01636425209649)"
3559,PV,18110,PAVIA,ESSELUNGA SPA,V. Filzi 6,,,1814,1236,3050,45.18987956887554,9.148426859626586,"(45.18987956887554, 9.148426859626586)"
4800,MB,108048,VERANO BRIANZA,SATURN EX EMPORIO ANGIUONI,"Via Furlanelli, 69",,C,0,5675,5675,45.69170880407886,9.220465917809946,"(45.69170880407886, 9.220465917809946)"
13468,BS,17040,CASTEGNATO,M.BUSINESS SRL,Via Tangenziale Ovest,,C,0,7000,7000,45.550449107321114,10.122636512036037,"(45.550449107321114, 10.122636512036037)"
967,VA,12070,GALLARATE,S.S.C. SRL,"Viale Milano, 163",SI,,4981,3321,8302,45.64472806030618,8.819519698853425,"(45.64472806030618, 8.819519698853425)"
7436,CR,19035,CREMA,MILLENIUM GALLERY S.R.L.,Via La Pira 12,SI,,5500,6250,11750,45.35832142594284,9.666799425745896,"(45.35832142594284, 9.666799425745896)"
5986,MI,15158,NOVIGLIO,BAZAR DELL'ABBIGLIAMENTO S.P.A.,Via Delle Industrie 4,,A,0,2005,2005,45.340539207418196,9.092216170195414,"(45.340539207418196, 9.092216170195414)"
2919,BS,17052,CHIARI,GESTIONE CENTRI COMMERCIALI,"Via Milano, 30",,,1808,700,2508,45.53328831293491,9.919968917434236,"(45.53328831293491, 9.919968917434236)"
4526,MI,15032,BRESSO,BILLA A.G.,V. Veneto 7,,D,687,2489,3176,45.542750550642644,9.189514614551406,"(45.542750550642644, 9.189514614551406)"
10887,BS,17161,REZZATO,MAGAZZONE 2 S.R.L.,Via Breve,SI,,0,6100,6100,45.512830229460455,10.297371521438254,"(45.512830229460455, 10.297371521438254)"
2920,BS,17052,CHIARI,ITALMARK SPA,"Via Brescia, 31",SI,,4000,7307,11307,45.54287766630201,9.942432993775261,"(45.54287766630201, 9.942432993775261)"
3968,BS,17195,VEROLANUOVA,ITALFRUTTA SPA,"V. Circonvallazione, 29",,,1550,393,1943,45.333289879387834,10.080570044656,"(45.333289879387834, 10.080570044656)"
8182,MI,15146,MILANO,COOP LOMBARDIA (1),Viale Umbria Ang. P. Coletta- P.Le Lodi 3,SI,,3896,4150,8046,45.44814416452102,9.212032363032476,"(45.44814416452102, 9.212032363032476)"
6794,LC,97045,MALGRATE,BRICO BUSINESS COOPERATION SRL,Via Provinciale 13,,D,0,2253,2253,45.84824599053128,9.369661465187765,"(45.84824599053128, 9.369661465187765)"
7255,BS,17078,GHEDI,MAXI DI  SRL,Via Per Isorella 6/F,SI,,2400,2064,4464,45.39557316450411,10.281507473684655,"(45.39557316450411, 10.281507473684655)"
396,VA,12064,DAVERIO,CC IL GIGANTE,Sp Varese-Vergiate,SI,,1820,5350,7170,45.76612040564881,8.768417765880347,"(45.76612040564881, 8.768417765880347)"
14356,BS,17062,CORTE FRANCA,ESSELUNGA SPA,"Via Roma,117",,,2600,1600,4200,45.64353336756806,10.01100560397403,"(45.64353336756806, 10.01100560397403)"
6144,BS,17085,ISEO,SUPERMERCATI EUROPA S.R.L.,"Via Roma,94",,,1206,301,1507,45.64112653817736,10.010832259790138,"(45.64112653817736, 10.010832259790138)"
14719,SO,14015,CASTIONE ANDEVENNO,EDILBI COMMERCIALE CASTIONE SCARL,Via Del Piano,SI,,0,6100,6100,46.16256941006696,9.806778499173154,"(46.16256941006696, 9.806778499173154)"
12880,MI,15176,POGLIANO MILANESE,STATALE 33 S.R.L.,Area In Fregio Alla Ss33 Del Sempione E Sp229,SI,,0,9300,9300,45.542214295580116,9.011621591292304,"(45.542214295580116, 9.011621591292304)"
14448,PV,18095,MONTEBELLO DELLA BATTAGLIA,MONTEBELLO SRL,Via Mirabella,,D,300,4940,5240,44.99803650231751,9.070371435810586,"(44.99803650231751, 9.070371435810586)"
8971,MI,15146,MILANO,MONFERRINI GUIDO,"Foro Buonaparte, 74",,A,300,2550,2850,45.46880146176329,9.182355506651925,"(45.46880146176329, 9.182355506651925)"
14630,VA,12108,OLGIATE OLONA,GARDEN PROJECT SRL,"Via Busto Fagnano, 52",,D,150,3600,3750,45.62896379263759,8.85896536473675,"(45.62896379263759, 8.85896536473675)"
8200,MI,15146,MILANO,BALDAN ALBERTO,"Via Santa Radegonda, 3",,A,702,21338,22040,45.464840391907806,9.191833878984138,"(45.464840391907806, 9.191833878984138)"
6460,MB,108033,MONZA,IPER MONTEBELLO SPA,"Via Della Guerina, 98",,,4875,2375,7250,45.58587887294715,9.31180524359457,"(45.58587887294715, 9.31180524359457)"
2169,BS,17092,LONATO DEL GARDA,CEDRO '99 SRL,Via Mantova N. 36,SI,,7000,21226,28226,45.42931163802309,10.51378920291673,"(45.42931163802309, 10.51378920291673)"
8836,SO,14063,TALAMONA,SMA SPA,"Via Stelvio, 2/B",SI,,1500,2000,3500,46.14280865302531,9.615738246862295,"(46.14280865302531, 9.615738246862295)"
8207,MI,15146,MILANO,BERALDO STEFANO,"C.So S. Gottardo, 29/31",,,950,2520,3470,45.44919903962332,9.180184462491779,"(45.44919903962332, 9.180184462491779)"
6019,MB,108010,BOVISIO-MASCIAGO,AUMAI S.P.A.,"Via Nazionale Dei Giovi, 41",,,0,3427,3427,45.601169843486936,9.143672710874522,"(45.601169843486936, 9.143672710874522)"
2677,CO,13154,MONTANO LUCINO,PEANTE SPA,Localita Gelata,SI,,0,11738,11738,45.78024688545485,9.042675835191885,"(45.78024688545485, 9.042675835191885)"
4519,MI,15210,SETTALA,FERCOLOR ITALIA SNC,Via D.Minzoni 3,,D,0,1870,1870,45.4256118648541,9.392692818403068,"(45.4256118648541, 9.392692818403068)"
8981,MB,108029,MACHERIO,ESSELUNGA S.P.A.,Via Don Gnocchi,SI,,2733,1502,4235,45.6369105200637,9.266749778727574,"(45.6369105200637, 9.266749778727574)"
2070,BS,17147,PONCARALE,ANCILLA SCALVINI SPA,Via S.S. 45 Bis 4,,C,0,6000,6000,45.461176318832635,10.205725476192095,"(45.461176318832635, 10.205725476192095)"
14313,MI,15146,MILANO,BORGHI ARMANDO ANTONIO CARO,"Largo Domodossola, 1a",SI,,1036,13932,14968,45.479979713504314,9.159656593161465,"(45.479979713504314, 9.159656593161465)"
6078,BS,17170,SALO',LA GALLERIA SRL - SMAFIN S.P.A.,"V. Montessori, 1",SI,,765,1904,2669,45.601640394839094,10.516451506296521,"(45.601640394839094, 10.516451506296521)"
11469,MN,20027,GONZAGA,MAXI DI SRL,"Via Brigate Garibaldine, 2",SI,,1500,1000,2500,44.944668436204864,10.850501431289436,"(44.944668436204864, 10.850501431289436)"
12374,MB,108051,BUSNAGO,LEROY MERLIN,Via Italia,,D,0,5854,5854,45.62064967913386,9.471521958108493,"(45.62064967913386, 9.471521958108493)"
10873,MI,15146,MILANO,ESSELUNGA SPA,"Via Lorenteggio, 219",SI,,2700,1800,4500,45.4449499714588,9.123765503718841,"(45.4449499714588, 9.123765503718841)"
6070,MI,15130,MAGENTA,KIRSCHE SPA,Via Piave,SI,,0,7400,7400,45.47124171708172,8.878420967885637,"(45.47124171708172, 8.878420967885637)"
5939,CR,19021,CASALMAGGIORE,CONSORZIO PADANO,"Via Volta, 49",SI,,1499,4330,5829,44.98039835856583,10.429386642395366,"(44.98039835856583, 10.429386642395366)"
6138,VA,12032,CARDANO AL CAMPO,F.LLI RIGOLIO SNC,"Via Garibaldi,4",,C,0,3320,3320,45.64345271971257,8.771001622365922,"(45.64345271971257, 8.771001622365922)"
10812,VA,12070,GALLARATE,MEDIAMARKET SPA,Viale Milano 99,,B,0,3130,3130,45.646596568050825,8.814640565593743,"(45.646596568050825, 8.814640565593743)"
2678,MI,15170,PERO,GRANCASA S.P.A.,"Via Monti, 2",,C,0,6000,6000,45.507805342097924,9.098009582848073,"(45.507805342097924, 9.098009582848073)"
2469,BG,16089,CURNO,CISALFA SPORT SPA,Via Lega Lombarda 1,,A,0,2288,2288,45.684444355112305,9.611986830216463,"(45.684444355112305, 9.611986830216463)"
3949,MB,108028,LISSONE,DECATHLON ITALIA SRL,Viale Valassina,,D,50,2791,2841,45.60532361356376,9.229042289249373,"(45.60532361356376, 9.229042289249373)"
6459,MB,108033,MONZA,ESSELUNGA SPA,"Via Brembo, 4/8",,,2069,1431,3500,45.56997996257341,9.247016084617302,"(45.56997996257341, 9.247016084617302)"
12185,BS,17164,ROE' VOLCIANO,SOCIETA' SAN MARCO S.R.L.,Via Marconi  56/58,SI,,3750,3250,7000,45.62599801566919,10.497872031005897,"(45.62599801566919, 10.497872031005897)"
1777,MI,15011,ASSAGO,RIALTO SRL (EX TIDONE SRL),Via Cascina Venina 13 - Ed. H,,,2625,875,3500,45.40066906213253,9.149681816083278,"(45.40066906213253, 9.149681816083278)"
8727,MB,108034,MUGGIO',COOP LOMBARDIA,Viale Repubblica,SI,,2000,1000,3000,45.59050350984675,9.215837836126271,"(45.59050350984675, 9.215837836126271)"
8197,MI,15146,MILANO,ACHILLI DOMENICO,"Via G.B. Cassinis, 23",,D,0,3163,3163,45.43656090042894,9.232363594342154,"(45.43656090042894, 9.232363594342154)"
8202,MI,15146,MILANO,BERALDO STEFANO,"Via Cuneo, 2",,A,30,2555,2585,45.46705441872058,9.154122333891511,"(45.46705441872058, 9.154122333891511)"
10014,LO,98021,CORNEGLIANO LAUDENSE,CANTONI SHOES,Via Codognino,SI,,2478,6887,9365,45.28664011117416,9.47278577168677,"(45.28664011117416, 9.47278577168677)"
5795,MN,20003,BAGNOLO SAN VITO,SAS ARREDAMENTI PONTI DI PONTI V.P. E C.,Via  G.Rossini 6,,C,0,2200,2200,45.09620478472542,10.852405255463234,"(45.09620478472542, 10.852405255463234)"
8205,MI,15146,MILANO,PERIN NICOLA,"Piazza 5 Giornate, 1a",,A,450,6088,6538,45.4625374090678,9.206346092904182,"(45.4625374090678, 9.206346092904182)"
11039,VA,12133,VARESE,ESSELUNGA SPA,V. Caracciolo/Campi Lunghi,SI,,2010,2410,4420,45.83541292732958,8.792194748539831,"(45.83541292732958, 8.792194748539831)"
12586,MI,15081,COLOGNO MONZESE,ESSELUNGA SPA,Viale Lombardia Ang.Pergolesi,,,1964,1615,3579,45.54150451470577,9.274492543189213,"(45.54150451470577, 9.274492543189213)"
10818,VA,12070,GALLARATE,EXTRAMARKET SPA,"Via Lario, 37",SI,,3090,2431,5521,45.652130291905756,8.784659884599986,"(45.652130291905756, 8.784659884599986)"
