Nome,Name,Descrizione breve,Short description,url,Citta,Indirizzo,Numero civico,latitude,longitude,Da sapere,Good to know,Come arrivare,How to arrive,Apertura,Opening times,Telefono,Phone number,Email,Orario,Esercizio storico,Accessibilita† ai disabili,Accessibility for the disabled,Fax,Fax number
2 - Ufficio Informazioni turistiche,2 - Tourist Information Office,2 - Ufficio Informazioni turistiche,2 - Tourist Information Office,http://www.firenzeturismo.it,Firenze,VIA CAMILLO CAVOUR,1r,43.775221,11.256103,Si trova qui lo Sportello Tutela Diritti del Turista.,"Here you can find a Complaint Service (ìSportello Tutela Diritti del Turista"").","Da Piazza Stazione a piedi: via de' Panzani, via dei Cerretani, Piazza del Duomo, Via Cavour.","From Piazza Stazione walking along Via de'Panzani, Via de' Cerretani, Piazza del Duomo, Via Cavour.",Aperto tutto l'anno,"Monday-Friday 9am-1pm
Saturday, Sunday and holidays closed.","+39 055 290832
+39 055 290833","+39 055 290832
+39 055 290833",infoturismo@cittametropolitana.fi.it,"lunedi'-venerdi' 9-13
sabato, domenica e festivi chiuso.",false,Accessibile,Fully accessible,,
1 - Infopoint Stazione,1- Train Station Infopoint,1 - Infopoint Stazione,1 - Train Station Infopoint,http://www.comune.fi.it,Firenze,PIAZZA DELLA STAZIONE,5,43.775314,11.248650,,,centro storico,historical centre,Aperto tutto l'anno,"Monday-Saturday 9am-7pm 
Sunday and holidays 9am-2pm",+39 055 212245,+39 055 212245,turismo3@comune.fi.it,"lunedi'-sabato 9-19
domenica e festivi 9-14",false,,,,
3 - Infopoint Bigallo,3 - Bigallo Infopoint,3 - Infopoint Bigallo,3 - Bigallo Infopoint,http://www.comune.fi.it,Firenze,PIAZZA S.GIOVANNI,1,43.772840,11.254831,,,Centro storico,Historical centre,Aperto tutto l'anno,"Monday-Saturday 9am-7pm
Sunday and holidays 9am-2pm",+39 055 288496,+39 055 288496,bigallo@comune.fi.it,"lunedi'-sabato 9-19
domenica e festivi 9-14",false,Accessibile,Fully accessible,,
4 - Infopoint Aeroporto,4 - Airport Infopoint,4 - Infopoint Aeroporto,4 - Airport Infopoint,www.comune.fi.it,Firenze,VIA DEL TERMINE,11,43.805546,11.199024,Infopoint,Infopoint,"Da Piazza Stazione: Bus Navetta Vola in Bus""attivo tutti i giorni dell'anno ogni 30' a partire dalle 5 alle 23.30. Partenza dall'Autostazione Busitalia (tranne le prime due corse del mattino). Prezzo Ä6.00
http://www.ataf.net/it/orari-e-percorsi/orari-e-linee/line-volainbus.aspx?idC=180&idO=0&Linea=Volainbus&LN=it-IT""","From Piazza Stazione: Shuttle Bus Vola in Bus"" running every day of the year every 30' starting from 5am to 11:30pm. Departure from Autostazione Busitalia (except the 5am and 5:30am buses leaving from the train station). Price: Ä6.00
http://www.ataf.net/it/orari-e-percorsi/orari-e-linee/line-volainbus.aspx?idC=180&idO=0&Linea=Volainbus&LN=it-IT""",Aperto tutto l'anno,every day 9am-7pm,+39 055 315874,+39 055 315874,infoaeroporto@comune.fi.it,tutti i giorni 9-19,false,,,+39 055 315874,+39 055 315874
URP COMUNE BAGNO A RIPOLI,Public Relation Office of the Municipality Bagno a Ripoli,URP COMUNE BAGNO A RIPOLI,Public Relation Office of the Municipality Bagno a Ripoli,www.comune.bagno-a-ripoli.fi.it,Bagno a Ripoli,Piazza della Vittoria,1,43.751380,11.319700,"In localita'† Fattucchia si trova Villa Il Riposo con la misteriosa Fonte della Fata Morgana o Fonte delle Fate, costruita dal Giambologna nel 1574.

La leggenda vuole che le sue acque donino il potere dell'immortalita'† e della giovinezza, inoltre sono numerose le storie di apparizioni di ninfe e fate","In Fattucchia you can find Villa Il Riposo with the misterious Fonte della Fata Morgana (The Fount of Morgan the Fair) or Fonte delle Fate (Fairies¬¥ Font), built by Giambologna  in 1574, in a Mannerism style.

Legend would have it that immortality and youthfulness are the powers of the fount, besides there are also many stories about the appearance of nymphs and fairies.","Da Firenze e' possibile raggiungere Bagno a Ripoli con gli autobus ATAF:

8 - Dai viali di circonvallazione di Firenze in direzione I PONTI (BAGNO A RIPOLI)

23 - Dalla stazione Santa Maria Novella in direzione SORGANE + 24 direzione GRASSINA/OSTERIA
NUOVA o 48  in direzione VALLINA/VILLAMAGNA, o 49 in direzione S. POLO

31 - Da Piazza S. Marco in direzione GRASSINA

32 - Da Piazza S. Marco in direzione ANTELLA

81 - 82 Dalla stazione SMN in direzione ISTITUTO VOLTA (Bagno a Ripoli) in orario scolastico


- Con gli autobus BuSITAlia (ex SITA):

350 Firenze - Pontassieve - Rignano sull'Arno

354 Firenze - S. Polo - Lucolena - Figline Valdarno

365 Firenze - Greve - Radda - Castellina - Gaiole


- Con Autolinee Toscane:

Linea DICOMANO - RUFINA - S. FRANCESCO - ROSANO - PONTE A EMA - CAMPI Z.I.","From Florence it is possible to reach Bagno a Ripoli by ATAF buses:

8 - From the ring road direction I PONTI (BAGNO A RIPOLI)

23 - From Santa Maria Novella train station direction SORGANE + 24 direction GRASSINA/OSTERIA
NUOVA or 48 direction  VALLINA/VILLAMAGNA, or 49 direction S. POLO

31 - From Piazza S. Marco direction GRASSINA

32 - From Piazza S. Marco direction ANTELLA

81 - 82 From SMN train station direction ISTITUTO VOLTA (Bagno a Ripoli) during school hours

- By BuSITAlia (ex SITA) buses:

350 Firenze - Pontassieve - Rignano sull'Arno

354 Firenze - S. Polo - Lucolena - Figline Valdarno

365 Firenze - Greve - Radda - Castellina - Gaiole


- By Autolinee Toscane buses:

DICOMANO - RUFINA - S. FRANCESCO - ROSANO - PONTE A EMA - CAMPI Z.I.",Aperto tutto l'anno,"Monday--Friday h 8.00 -13.00 ; Tuesday and  Thursday h 8.00 -12.00 / 14,30 - 18 ; Saturday  8.30 -12.30",+39 055 6390222,+39 055 6390222,urp@comune.bagno-a-ripoli.fi.it,"lunedi'-venerdi'  8-13, martedi'  e giovedi'  8-12 / 14.30-18,  sabato 8.30-12.30",false,,,+39 055 6390267,+39 055 6390267
URP COMUNE BARBERINO DI MUGELLO,Public Relation Office of the Municipality BARBERINO DI MUGELLO,URP COMUNE BARBERINO DI MUGELLO,Public Relation Office of the Municipality BARBERINO DI MUGELLO,www.comunebarberino.it,Barberino di Mugello,viale della Repubblica,24,44.000410,11.238530,"A pochi minuti dal casello autostradale A1 di Barberino di Mugello si trova il Lago di Bilancino, un invaso artificiale con una superficie di 5 kmq, dove d'estate si puo' praticare canoa, vela e windsurf.
Si segnala inoltre a Barberino in Palazzo Pretorio la collezione permanente di 80 opere del Maestro Giuliano Vangi, considerato il piu' grande scultore figurativo italiano contemporaneo. Si tratta di un gesso policromo Ragazza con vestito di lana e 79 grafiche di diversi formati.","Just a few minutes from Barberino A1 highway exit lies Lake Bilancino, an artificial basin with a surface of kmq 5; during summertime here you can practise canoeing, sailing and windsurfing.
Moreover you can visit in Barberino in Palazzo Pretorio the permanent collection of 80 artworks of Maestro Giuliano Vangi, who is considered the greatest Italian contemporary figurative sculptor. It is a polychrome plaster Girl with wool dress and 79 graphics of different formats.","Da Firenze Barberino di Mugello e' raggiungibile con gli autobus :

- BUSITALIA - SITANORD S.r.l.
Via Santa Caterina da Siena, 15 
(FS Santa Maria Novella)

- CAP AUTOLINEE
Largo F.lli Alinari, 9","From Florence you can reach Barberino di Mugello by bus : 

- BUSITALIA - SITANORD S.r.l.
Via Santa Caterina da Siena, 15 
(Santa Maria Novella train station)

- CAP AUTOLINEE
Largo F.lli Alinari, 9",Aperto tutto l'anno,"Monday closed; 
Tuesday and Thursday: 9.00 am-12.30 am and 3.00 pm-6.00 pm 
Wednesday and Friday: 9.00 am-12.30 am
Saturday 9.00 -13",+39 055 8477212,+39 055 8477212,mune.barberino-di-mugello.fi.it,"martedi' e giovedi'  9-12.30/ 15-18
mercoledi' e venerdi' 9 -12.30
sabato  9-13",false,,,+39 0558477299,+39 0558477299
COMUNE BARBERINO VAL D'ELSA,MUNICIPALITY BARBERINO VAL D'ELSA,COMUNE BARBERINO VAL D'ELSA,MUNICIPALITY BARBERINO VAL D'ELSA,www.barberinovaldelsa.net,Barberino Val d'Elsa,Via Mannucci,3,43.541515,11.170978,,,"Da Firenze con i mezzi pubblici c'e' l'opzione autobus (Sita), dall'autostazione a Santa Maria Novella.",From Florence Sita bus from the bus station Santa Maria Novella.,Apertura stagionale,"Summertime:
Mon - Sat: 9,30 - 13,00 e 15,00 - 18,30
Sundays and holidays: 10,00 - 13,00

Wintertime (from 28/09 to 02/11):
Mon - Sat: 10,00 - 13,00 e 15,00 - 18,00
Sundays and holidays: 10,00 - 13,00

The Tourist Office will be closed after November 2nd. 
It will reopen with reduced timetable in December and then it will be closed during wintertime:

 December 6-7-8 :  h 10,00-18,00
 December 13-14, 20-21,27-28: h 14,00-18,00",+39 055 805229,+39 055 805229,ufficioturistico@barberinovaldelsa.net,"ORARIO ESTIVO:
Lunedi' - Sabato: 9,30 - 13,00 e 15,00 - 18,30
Domenica e festivi: 10,00 - 13,00

ORARIO INVERNALE (dal 28/09 al 02/11):
Lunedi' - Sabato: 10,00 - 13,00 e 15,00 - 18,00
Domenica e festivi: 10,00 - 13,00

L'ufficio sara'† chiuso dopo la data del 2 Novembre.
Riaprira'† a Dicembre con orario ridotto per poi rimanere chiuso durante tutto il periodo invernale:

       6-7-8 Dicembre:  10,00-18,00
      13-14, 20-21,27-28 Dicembre:14,00-18,00",false,,,+39 055 8075622,+39 055 8075622
Ufficio Informazioni Turistiche del Comune di Borgo San Lorenzo,Tourist Information Office of Borgo San Lorenzo Municipality,Ufficio Informazioni Turistiche del Comune di Borgo San Lorenzo,Tourist Information Office of Borgo San Lorenzo Municipality,www.villapecori.it,Borgo San Lorenzo,Piazzale Lavacchini,1,43.952280,11.394360,"L'ufficio si trova c/o il Museo Chini di Villa Pecori Giraldi, con l'interessante itinerario Liberty","The office is situated c/o Chini Museo of Villa Pecori Giraldi, with the interesting Art Nouveau itinerary","Da Firenze Borgo San Lorenzo e' raggiungibile con gli autobus :

- BUSITALIA - SITANORD S.r.l.
Via Santa Caterina da Siena, 15
(FS Santa Maria Novella)

- CAP AUTOLINEE
Largo F.lli Alinari, 9

- Con il treno, per gli orari consultare trenitalia.com","From Florence you can reach Borgo San Lorenzo by bus : 

- BUSITALIA - SITANORD S.r.l.
Via Santa Caterina da Siena, 15 
(Santa Maria Novella train station)

- CAP AUTOLINEE
Largo F.lli Alinari, 9

- By train, timetables on trenitalia.com",Aperto tutto l'anno,"November through March: Sat and Sun h 10-13 / 15-19

April through October: Thu through Sun h 9-13 / 15-19","+39 055 8456230

+39 05584527186","+39 055 8456230

+39 05584527186",info@villapecori.it,Da Novembre a Marzo: sabato e domenica 10-13 / 15-19,false,,,"+39 055 8456230

+39 055 8456288","+39 055 8456230

+39 055 8456288"
Ufficio di promozione turistica dell'Unione dei Comuni del Mugello,Promotion office for the towns of the Mugello area,"Unione dei Comuni del Mugello, ufficio di promozione turistica",Promotion office for the towns of the Mugello area,www.mugellotoscana.it,Borgo San Lorenzo,VIA PALMIRO TOGLIATTI,45,43.952853,11.394136,A Borgo San Lorenzo di notevole interesse e' l'itinerario Liberty,In Borgo San Lorenzo it is particularly interesting the Art Nouveau route,"Da Firenze Borgo San Lorenzo e' raggiungibile con gli autobus :

- BUSITALIA - SITANORD S.r.l.
Via Santa Caterina da Siena, 15
(FS Santa Maria Novella)

- CAP AUTOLINEE
Largo F.lli Alinari, 9

- Con il treno, per gli orari consultare trenitalia.com","From Florence you can reach Borgo San Lorenzo by bus : 

- BUSITALIA - SITANORD S.r.l.
Via Santa Caterina da Siena, 15 
(Santa Maria Novella train station)

- CAP AUTOLINEE
Largo F.lli Alinari, 9

- By train, timetables on trenitalia.com",Aperto tutto l'anno,"Mo, Wed, Fri 10-13; 
Tue and Thu 10-13 / 15-18",+39 055 84527185-6,+39 055 84527185-6,info@mugellotoscana.it,"lun, merc, ven 10-13; 
mart e gio 10-13 / 15-18",false,,,+39 055 8456288,+39 055 8456288
URP COMUNE CALENZANO,Public Relation Office of the Municipality CALENZANO,URP COMUNE,Public Relation Office of the Municipality,www.comune.calenzano.fi.it,Calenzano,PIAZZA VITTORIO VENETO,12,43.865323,11.167934,"A Calenzano Alto si segnala il Castello, che  conserva ancora oggi l'aspetto caratteristico del villaggio fortificato. Visibile dai quattro punti cardinali, sorveglia le importanti vie di comunicazione che fin dall'antichita'† collegano la piana fiorentina al Mugello","In Calenzano Alto you can find the Castle, that still preserves the appearance of a walled village. You can see it from the four cardinal points, as a survey on the important roads that connect from ancient times the florentine plain to Mugello","Autobus Ataf
Linea 2 - Sesto Fiorentino - Firenze Piazza Stazione lato Palazzo dei Congressi

Trenitalia
Due stazioni ferroviarie situate in prossimita'† della zona industriale. Sono collegate al centro cittadino tramite le linee ATAF e CAP","Ataf bus
Line 2 - Sesto Fiorentino - Firenze Piazza Stazione aside Congress Center 

Trenitalia
Two train stations near the industrial district.They are connected with the center through ATAF and CAP buses",Aperto tutto l'anno,"Mon Fri 8.30 - 13.00

Tue and Thu also 15.00 - 18.00",+39 055 88331,+39 055 88331,urp@comune.calenzano.fi.it,dal lun al ven 8.30 - 13.00/mart e giov anche 15.00 - 18.00,false,,,+39 055 8833232,+39 055 8833232
Associazione Turistica Calenzano,Tourist Union Calenzano,"Associazione Turistica Calenzano
 
 PRO LOCO",Tourist Union Calenzano,www.atccalenzano.it,Calenzano,Piazza Gramsci,9,43.865427,11.167018,A Calenzano si trova il Museo del Figurino Storico,In Calenzano you can find Historical Soldier Little Picture Museum,"Da Firenze autobus di linea nr. 2 con capolinea alla stazione Santa Maria Novella, lato Palazzo dei Congressi in Piazza Adua","From Florence bus number 2, terminal at  Santa Maria Novella train station, aside Congress Center Piazza Adua",Aperto tutto l'anno,"Monday to Friday h 10 - 13 / 15 - 18, Sat h 10 - 13

Sundays and holidays only with local events",+39 055 0502161,+39 055 0502161,segreteria@atccalenzano.it,"lun- ven 10 - 13 / 15 - 18, sab 10 - 13

domenica e festivi in concomitanza di eventi locali",false,,,+39 055 0502161,+39 055 0502161
UFFICIO STAMPA E PUBBLICHE RELAZIONI DEL COMUNE,PRESS OFFICE OF THE MUNICIPALITY,UFFICIO STAMPA E PUBBLICHE RELAZIONI DEL COMUNE,PRESS OFFICE OF THE MUNICIPALITY,www.comune.campi-bisenzio.fi.it,Campi Bisenzio,Piazza Matteotti,23,43.822270,11.135760,"A Campi Bisenzio si puo' visitare il Museo Antonio Manzi di arte contemporanea a Villa Rucellai, in centro,  e il Museo di Arte Sacra a San Donnino","In Campi Bisenzio you can visit the central Antonio Manzi Museum of contempoprary art at Villa Rucellai, and Sacred Art Museum in San Donnino","Da Firenze dalla Stazione di Santa Maria Novella servizio di autobus :

ATAF
linea 30
partenza da Via degli Orti Oricellari

Lazzi
linea Firenze-Prato via Campi Bisenzio
partenza da Via Santa Caterina da Siena 15

Copit
linea Firenze-Pistoia via San Piero a Ponti
partenza da Via Fiume

CAP
linea Firenze-Prato via Campi Bisenzio
partenza da Via Fiume","From Florence Railway Station Santa Maria Novella bus service :

ATAF
line 30
departure from Via degli Orti Oricellari

Lazzi
Firenze-Prato through Campi Bisenzio
departure from Via Santa Caterina da Siena 15

Copit
Firenze-Pistoia through San Piero a Ponti
partenza da Piazza Stazione Via Fiume

CAP
linea Firenze-Prato via Campi Bisenzio
partenza da Piazza Stazione Via Fiume",Aperto tutto l'anno,All year long,+39 055 8959572,+39 055 8959572,,,false,,,+39 055 8979041,+39 055 8979041
UFFICIO TURISTICO INTERCOMUNALE DI VINCI,TOURIST OFFICE  ''LE TERRE DEL RINASCIMENTO‚Äù,UFFICIO TURISTICO INTERCOMUNALE DI VINCI  LE TERRE DEL RINASCIMENTO ,TOURIST OFFICE  ''LE TERRE DEL RINASCIMENTO‚Äù,www.terredelrinascimento.it,Vinci,VIA DELLA TORRE,11,43.788120,10.927740,"Vinci e' la citta'† natale di Leonardo, il piu' grande genio universale di tutti i tempi e di tutti i luoghi","Vinci is birthplace of Leonardo, the greatest universal genius of all times and every place on the earth","Da Firenze in treno fino ad Empoli (direzione Pisa-Livorno), da qui  collegamenti autobus tra i Comuni Terre del Rinascimento","From Florence by train until Empoli (direction  Pisa-Livorno), from here bus connections among Terre del Rinascimento",Aperto tutto l'anno,"From November to February:h 10-15, Sat and Sun 10-18.
From March to October h 10-19 every day",+39 0571 568012,+39 0571 568012,terredelrinascimento@comune.vinci.fi.it,"Novembre-febbraio: 10-15 feriali, 10-18 sabato e festivi. 
Marzo-ottobre: 10-19 tutti i giorni.",false,,,+39 0571 567930,+39 0571 567930
URP COMUNE CAPRAIA E LIMITE,TOURIST INFORMATION MUNICIPALITY CAPRAIA E LIMITE,UFFICIO CULTURA E TURISMO DEL COMUNE CAPRAIA E LIMITE,TOURIST INFORMATION MUNICIPALITY CAPRAIA E LIMITE,www.comune.capraia-e-limite.fi.it,Capraia e Limite,Piazza VIII Marzo 1944,9,43.742614,10.975850,Si segnala a Capraia Fiorentina il Centro Espositivo di Arte Contemporanea Fornace Pasquinucci,You can visit in Capraia Fiorentina the Contemporary Art Center Fornace Pasquinucci,"Da Firenze in treno fino ad Empoli (direttrice Pisa-Livorno), poi collegamenti autobus tra i Comuni Terre del Rinascimento :

- Copit
- Lazzi","From Florence by train until Empoli (direction Pisa-Livorno), then bus connections among the villages belonging to  Terre del Rinascimento :

- Copit
- Lazzi",Aperto tutto l'anno,"Mo - Sat   h 8.30 - 13.00 
Tue + Thu h 8.30 - 13.00
                h 15.00 - 18.00",+39 0571 978127-46-47,+39 0571 978127-46-47,urp@comune.capraia-e-limite.fi.it,Dal Lunedi' al Sabato dalle 8.30 alle 13.00 e il Martedi' e il Giovedi' anche il pomeriggio dalle 15.00 alle 18.00,false,,,,
Ufficio Informazioni Turistiche Castelfiorentino,TOURIST OFFICE OF THE MUNICIPALITY,Ufficio Informazioni Turistiche Castelfiorentino,TOURIST OFFICE OF THE MUNICIPALITY,www.comune.castelfiorentino.fi.it,Castelfiorentino,Via Ridolfi,13,43.605290,10.968350,"Si trova presso la stazione ferroviaria

Nelle vicinanze si trova il Museo di Benozzo Gozzoli","It is at the train station

Nearby you can find the Museum of Benozzo Gozzoli","Da Firenze in  treno,  orari sul sito ufficiale di Trenitalia","From Florence by train, timetables on the official website of Trenitalia",Aperto tutto l'anno,"Summertime (1/4 - 15/10)
9,30-12,30
15;30-18;30


Wintertime (16/10 - 31/3)
10-12
every day",+39 0571 629049,+39 0571 629049,ufficioturistico@comune.castelfiorentino.fi.it,"periodo estivo (dal 24 marzo al 15 ottobre)
mattina : 9,30-12,30/ 15;30-18;30
tutti i giorni

periodo invernale ( dal 16 ottobre al 23 marzo) mattina: 10-12
tutti i giorni",false,,,,
PRO LOCO,PRO LOCO,PRO LOCO,PRO LOCO,www.prolococerretoguidi.it,Cerreto Guidi,Piazza Umberto I,,43.759027,10.879261,Da visitare la Villa Medicea,Villa Medicea is to be visited,In treno fino ad Empoli (direzione Pisa-Livorno) e poi con autobus di linea dal terminal della stazione ferroviaria di Empoli,By train until Empoli  (direction Pisa-Livorno) and then by bus from the terminal at the train station in Empoli,Aperto tutto l'anno,"From April through November:
Mo closed
Tue Wed Thu Fri 10.00 -13.00; 17.00 - 19.00
Sat 09.00 - 13.00; 16.00-19.00
Sun 10.00-13.00

December, January, February, March:
Tue Thu Sat  9.00 - 13.00",+39 0571 55671,+39 0571 55671,"info@prolococerretoguidi.it

ufficio.turismo@prolococerretoguidi.it","Da aprile a novembre:
LUN chiuso
MART, MERC,GIOV,VEN 10.00 -13.00; 17.00 - 19.00
SAB 09.00 - 13.00; 16.00-19.00
DOM 10.00-13.00

Dicembre, gennaio, febbraio, marzo:
MART, GIOV, SAB 9.00 - 13.00",false,,,+39 0571 842533,+ 39 0571 842533
UFFICIO TURISTICO c/o Museo Casa del Boccaccio,TOURIST INFORMATION c/o Museum ''Casa del Boccaccio '',"UFFICIO TURISTICO all'interno del museo  ''Casa del Boccaccio '', situato a Certaldo Alto","TOURIST INFORMATION inside the Museum ''Casa del Boccaccio'', situated in Certaldo Alto",www.comune.certaldo.fi.it,Certaldo,Via Boccaccio,18,43.547600,11.040870,"La casa-museo e' stata aperta con lo scopo di diffondere la conoscenza sull'opera e la figura di Giovanni Boccaccio. Infatti espone mobili, arredi e pannelli espositivi che documentano la vita e gli scritti del maestro.",The House Museum opened with the aim to spread Giovanni Boccaccio's life and work. Infact you can see there furniture and panels documenting his life and writings.,"Da Firenze per raggiungere Certaldo Alto c'e' prima la linea ferroviaria Firenze-Empoli-Siena, fermata stazione Certaldo. Poi si prende la funicolare, che collega la parte bassa al borgo storico, con partenza da Piazza Boccaccio ed arrivo all'inizio di via Boccaccio; oppure si percorre a piedi  Via del Castello o Via delle Mura.","From Florence to reach Certaldo Alto first you have the railway line Firenze-Empoli-Siena, with a stop in Certaldo.Then you will catch  the cable railway, which connects the lower part to the historic village, leaving from Piazza Boccaccio and arrival at the beginning of Via Boccaccio; or you can walk up Via del Castello or Via delle Mura.",Aperto tutto l'anno,"From April to October: 9.30 am-1.30 pm/2.30 pm -7.00 pm; 

November  through  March :
every day : 9.30 - 13.30 / 14.30 - 16.30
Closed on Tuesday",+39 0571 661219,+39 0571 661219,info.turismo@comune.certaldo.fi.it,"aprile - ottobre: 
9.30-13.30/14.30-19.00

novembre - marzo:
Tutti i giorni: 9.30 - 13.30 / 14.30 - 16.30. Chiuso il martedi'",false,,,+39 0571 661311,+39 0571 661311
Ufficio attivita'† produttive e sport Comune di Dicomano,Tourist office and sport Comune di Dicomano,Ufficio attivita'† produttive e sport Comune di Dicomano,Tourist office and sport Comune di Dicomano,www.comune.dicomano.fi.it,Dicomano,Piazza della Repubblica,3,43.891390,11.523620,"Il territorio di Dicomano e' ricco di presenze archeologiche nell'area di Frascole.
Dicomano e' anche  il punto di passaggio obbligato per arrivare al Parco Nazionale delle Foreste Casentinesi Monte Falterona e Campiglia","Dicomano is rich of archeological traces in Frascole area.
Dicomano is also on the way to the Nation Park Foreste Casentinesi Monte Falterona and Campiglia","In treno da Santa Maria Novella :
Linea Firenze - Pontassieve - Borgo San Lorenzo

In autobus da Santa Maria Novella :

- Autolinee BuSITAlia
 
- Autolinee Fiorentia Bus
 
- Autolinee Mugello Valdisieve","By train from Santa Maria Novella :
Linea Firenze - Pontassieve - Borgo San Lorenzo

By bus from Santa Maria Novella :

- BuSITAlia
 
- Fiorentia Bus
 
- Autolinee Mugello Valdisieve",Aperto tutto l'anno,Mon to Fri  10am-12pm,+39 055 8385426,+39 055 8385426,ufficio.sport@comune.dicomano.fi.it,Dal lunedi' al venerdi' 10-12,false,,,+39 055 8385423,+39 055 8385423
UFFICIO CULTURA E TURISMO/MUVE,TOURIST INFORMATION/MUVE,UFFICIO CULTURA E TURISMO,TOURIST INFORMATION,http://www.museodelvetrodiempoli.it/,Empoli,Via Ridolfi,70,43.720804,10.947745,Il Museo del Vetro fa parte del Sistema museale Le Terre del Rinascimento,The Class Museum belongs to museum system Le Terre del Rinascimento,"Con il treno, la stazione di Empoli si trova sulla direttrice Pisa-Livorno","By train, Empoli station is situated in direction Pisa-Livorno",Aperto tutto l'anno,"Open daily h 10.00  / 19.00
Closed on Monday, January 1st, May 1st, December 25 th; December 24th and  31st  closure at h 13",+39 0571 76714,+39 0571 76714,info@museodelvetrodiempoli.it,"Aperto dalle 10.00 alle 19.00
Chiuso il lunedi', il 1∞ gennaio, il 1∞ maggio, il 25 dicembre; il 24 e 31 dicembre la chiusura e' anticipata alle 13",false,,,,
URP COMUNE EMPOLI,INFORMATION OFFICE EMPOLI,www.toscananelcuore.it,www.toscananelcuore.it,www.terredelrinascimento.it,Empoli,Via G. del Papa,41,43.719160,10.947320,"Frazione di Empoli e' l'abitato di Pontorme, luogo di nascita del pittore Jacopo Carucci, detto il Pontormo. Al centro del borgo si trova la casa natale dell'artista dove sono esposte l'edizione in facsimile del Diario e delle copie dei disegni preparatori per le tavole con San Giovanni Evangelista e San Michele Arcangelo, conservate nella vicinissima Chiesa di San Michele. L'opera, eseguita nel 1519, contribuisce alla definizione di Jacopo come uno degli esponenti della ''maniera moderna”.","Near Empoli you can find Pontorme, birth place of the painter Jacopo Carucci, Pontormo. In the village center you can find his native home, where you will see  the specymen of his Diary and  the copies of the sketches for the panels with San Giovanni Evangelista and San Michele Arcangelo, preserved in the nearby Church of  San Michele. The 1519 artwork states Jacopo as one of the ''maniera moderna” painters.","Con il treno, la stazione di Empoli si trova sulla direttrice Pisa-Livorno","By train, Empoli station is direction Pisa-Livorno",Aperto tutto l'anno,"Mon - Thu h  8 - 13.30 / 14.30 - 18.30,  Fri + Sat h  8 - 13.30",+39 0571 757999,+39 0571 757999,urp@comune.empoli.fi.it,"Dal lunedi' al giovedi' dalle 8 alle 13.30 e dalle 14.30 alle 18.30, il venerdi' e il sabato dalle 8 alle 13.30",false,,,+39  0571 757633,+39  0571 757633
UFFICIO TURISTICO,TOURIST INFORMATION,UFFICIO TURISTICO E ACCOGLIENZA TURISTICA,TOURIST INFORMATION AND WELCOME POINT,www.fiesoleforyou.it,Fiesole,VIA PORTIGIANI,3,43.807293,11.294050,Si segnala l'attigua area archeologica,It is to point out the presence of the aside archeological area,"autobus ATAF 7 da Firenze. 
Il capolinea si trova all'inizio di Via La Pira, vicino Piazza San Marco","ATAF bus nr. 7 from Florence. 
The terminal is at the beginning of  Via La Pira, nearby Piazza San Marco",Aperto tutto l'anno,"Apr - Sept 10am- 6.30pm,  Oct - March 10am- 5.30pm, Nov- Feb 10am- 1.30pm",+39 055  5961311,+39 055  5961311,info.turismo@comune.fiesole.fi.it,"aprile - settembre  10/18,30;  ottobre - marzo  10/17,30;    novembre - febbraio 10/13,30",false,,,+39 055 5961312,+39 055 5961312
Associazione Pro Loco Marsilio  Ficino,Associazione Pro Loco Marsilio  Ficino,"Associazione Pro Loco Marsilio  Ficino
 
 Info Point Figline Valdarno","Associazione Pro Loco Marsilio  Ficino
 
 Info Point Figline Valdarno",www.culladitoscana.it,Figline Valdarno,PIAZZA SAN FRANCESCO D'ASSISI - PALAZZO PRETORIO,,43.618367,11.472680,Nella vicina Gaville si trova il Museo della Civilta'† Contadina,Nearby in Gaville you can find the Museum of Rural Culture,"Da Firenze si raggiunge Figline Valdarno con il treno, tratta Firenze-Roma","From Florence you can reach Figline Valdarno by train, direction Rome",Apertura stagionale,"Summer timetable:
May 1 - September 30: 
Mon to Fri 9.30-12.30 am / 3.30-5.30 pm 
Closed on Saturday, Sunday and holidays",+39 055 951569,+39 055 951569,prolocofigline@virgilio.it,"Orari di apertura:
1∞ maggio - 30 settembre:
dal lunedi' al venerdi' 9.30-12.30; 15.30-17.30
Chiuso sabato, domenica e  festivi",false,,,+39 055 953112,+39  055 953112
Ufficio informazioni turistiche Firenzuola,Tourist information office Firenzuola,Ufficio informazioni turistiche Firenzuola Associazione Pro-Loco,Tourist information office Firenzuola  Pro-Loco Tourist Union,http://www.comune.firenzuola.fi.it,Firenzuola,PIAZZA DON S.CASINI,4,44.118404,11.378512,presso Museo della Pietra Serena.,inside the Museum of Pietra Serena,"Firenzuola e' collegata ai comuni limitrofi e con Firenze  tramite le linee di trasporto extraurbano gestite dalle societa'† BuSITAlia.
La linea attraversa i comuni di Scarperia, San Piero a Sieve, Vaglia e raggiunge il capoluogo toscano in circa 2 ore di tragitto, con cambio a Scarperia o a San Piero a Sieve.
La stazione ferroviaria piu' vicina e' quella di San Piero a Sieve","Firenzuola is connected with the nearby villages and with Florence   through the line buses BuSITAlia.
The bus line goes through Scarperia, San Piero a Sieve, Vaglia and reaches Firenzuola in ca. 2 hrs travel time, changing in Scarperia or San Piero a Sieve.
The nearest train station is in San Piero a Sieve",Aperto tutto l'anno,"Winter timetable (1/10 - 31/3):
Mon Thu Sat Sunday and Bank Holidays h 10 - 12 / 14.30 - 16.30

Summer timetable (1/4 - 30/9):
Mon Thu Sat Sunday and Bank Holidays h 10 - 12 / 15 - 17",+39 055 8199477,+39 055 8199477,proloco@comune.firenzuola.fi.it,"Orario invernale (1 ottobre - 31 marzo):
Lunedi', Giovedi', Sabato, Domenica e festivi 10 - 12 / 14.30 - 16.30

Orario estivo (1 aprile - 30 settembre):
Lunedi', Giovedi', Sabato, Domenica e festivi 10 - 12 / 15 - 17",false,,,+39 055 8109856,+39 055 8109856
URP COMUNE,Public Relation Office of the Municipality,URP COMUNE,Public Relation Office of the Municipality,www.comune.fucecchio.fi.it,Fucecchio,Piazza Amendola,17,43.728560,10.810020,"Nelle vicinanze si trova il Padule di Fucecchio, la piu' ampia zona umida italiana dal grande valore floro-faunistico","Nearby you can find Padule di Fucecchio, the largest marshy area in Italy, very important for plant life and wildlife","La stazione piu' vicina e' quella di San Miniato sulla linea di collegamento ferroviario Firenze - Pisa, a 4 Km circa da Fucecchio.
Il collegamento avviene attraverso il servizio di autobus della compagnia CPT","The nearest train station is in  San Miniato on the railway line Firenze - Pisa, about 4 Km from Fucecchio.
The connection is by CPT bus service",Aperto tutto l'anno,"Monday to Saturday:  9.00 am -1.00 pm, Wednesday and Thursday  also  3.00 pm - 7.00 pm.",+39 0571 268206/268250,+39 0571 268206/268250,urp@comune.fucecchio.fi.it,"da lun a sab 9.00 -13.00, mart e  giov anche 15.00-19.00",false,,,+39 0571 268246,+39 0571 268246
PRO LOCO,PRO LOCO,PRO LOCO,PRO LOCO,www.prolocofucecchio.it,Fucecchio,Corso Matteotti,61/c,43.727710,10.810050,Via Francigena,Via Francigena,"La stazione FF.SS. piu' vicina e' San Miniato-Fucecchio (4 km); da qui al centro della citta'† occorrono circa 10/15 minuti di autobus, seguendo la linea 310 della Compagnia Pisana Trasporti (CPT).

Anche la stazione di Empoli (12 km) e' collegata a Fucecchio con servizio pubblico di trasporto.","The nearest train station is San Miniato-Fucecchio (4 km); from here to the town center you will need about 10/15' bus, line 310 of bus company Compagnia Pisana Trasporti (CPT).

Also Empoli train station (12 km) is linked by bus to Fucecchio",Aperto tutto l'anno,"Timetable: Mo-Fri   08.00 - 13.00 / 15.00 - 20.00 
Sat 08.00 - 13.00",+39 0571 242717,+39 0571 242717,info@prolocofucecchio.it,Orario: tutti i giorni Lun-Ven dalle 08.00 alle 13.00 e dalle 15.00 alle 20.00 ed il sab dalle 08.00 alle 13.00,false,,,+39 0571 242717,+39 0571 242717
UFFICIO TURISTICO,TOURIST INFORMATION,UFFICIO TURISTICO,TOURIST INFORMATION,www.comune.gambassi-terme.fi.it,Gambassi Terme,VIA VOLTERRANA,60/A,43.569706,10.962732,"Nelle vicinanze si trova la Pieve di Santa Maria a Chianni, gioiello dell'Arte Romanica","Nearby you can find Pieve di Santa Maria a Chianni, a jewel of Romanesque architecture","Per raggiungere Gambassi Terme nel piu' breve tempo possibile e' necessario abbinare il servizio treno + autobus di linea.
Da Firenze (qualunque stazione) e' necessario viaggiare con treno in direzione Siena fino a Castelfiorentino (orari sul sito web trenitalia.com) e da qui' prendere l'autobus per Montaione (sito web piubus.it, linea 33/34). 
Gambassi Terme e' la fermata immediatamente precedente.
Nel caso in cui da Firenze il treno non fermasse a Castelfiorentino, l'utente dovra'† effettuare un cambio ad Empoli e da li' proseguire in treno per Castelfiorentino e poi in autobus per Gambassi Terme.
A Castelfiorentino, dal lunedi' al venerdi', la fermata dell'autobus si trova accanto al piazzale di sosta dei taxi. Appena usciti dalla stazione e' necessario mantenere la sinistra e camminare in direzione della sosta taxi, a circa 20m.
Al sabato, in occasione del mercato settimanale, la partenza dell'autobus viene spostata all'inizio di via Duca d'Aosta, davanti alla sede del CNA. 
Una volta usciti dalla stazione dobbiamo mantenere la destra ed oltrepassare il ponte sul fiume Elsa. 
Si entra in via Duca d'Aosta mantenendo la destra.","To reach Gambassi Terme  it is necessary to use  train + bus.
From Florence (any station) you can travel by train to Castelfiorentino (timetables at www.trenitalia.com, direction Siena) and from here catch the bus towards Montaione (www.piubus.it, line 33/34). 
Gambassi Terme is the stop before Montaione.
In case your train is not direct to Castelfiorentino, you have to change in Empoli and from there catch the train to Castelfiorentino and then go on  by bus to Gambassi Terme.
In Castelfiorentino from Monday through Friday the bus stop is next to the taxi area. 
As  you go out from the station pls. keep left and walk towards the taxi stands at about 20m.
On Saturday during the weekly market the departure of the bus lies at the top of Via Duca d'Aosta, in front of the headquarters of CNA. 
Once you are out of the station pls. keep right and cross the bridge over the river Elsa. 
You will enter via Duca d'Aosta keeping the right side.",Apertura stagionale,"Closed in winter. 
During the closure time it is possible to refer to Pro Loco, Via Garibaldi 7, Ph +39 338 5623110.
From April through May: 
Mo-Tue-Wed-Thu-Fri 15.00/18.00
Sat: 10.00/18.00
Sun: 10.00/13.00
From June  September:
Mo-Fri 10.30-13.30  15.00-18.00
Sat: 10.00-18.00
Sun: 10.00-13.00
October
Mo-Thu: 15.00-17.00
Fri: 10.30-13.30 15.00-17.00
Sat:  10.00-17.00
Sun. 10.00-13.00",+39 0571 639192,+39 0571 639192,comunegambassi@libero.it,"Chiuso in inverno. 
Nel periodo di chiusura autunno/inverno, e' possibile rivolgersi alla Pro Loco locale, in Via Garibaldi 7, Tel. +39 338-5623110.
Da Aprile a Maggio: 
Lun-mart-merc-gio-ven 15.00/18.00
Sabato 10.00/18.00
Domenica 10.00/13.00
Da Giugno a Settembre:
Da lunedi' a venerdi': 10.30-13.30 15.00-18.00
Sabato: 10.00-18.00
Domenica: 10.00-13.00
Mese di Ottobre
Dal lunedi' al Giovedi': 15.00-17.00
Venerdi': 10.30-13.30 15.00-17.00
Sabato : 10.00-17.00
Domenica: 10.00-13.00",false,,,,
Informazioni Turistiche Greve in Chianti,Tourist Information Greve in Chianti,Informazioni turistiche,MUNICIPALITY,www.comune.greve-in-chianti.fi.it,Greve in Chianti,PIAZZA GIACOMO MATTEOTTI,11,43.582884,11.317022,,,Dalla stazione di Santa Maria Novella di Firenze ci sono varie linee extraurbane in direzione Greve in Chianti del servizio di trasporto pubblico BuSITAlia,From Santa Maria Novella station in Florence you can find BuSITAlia public transport bus lines direction Greve in Chianti,Aperto tutto l'anno,"Opening time from March through October:
daily Mon Sun h 10:00 / 19:00

Opening time from November through February  :
Mon Fri h 9:00 / 13:00 - 15:00 / 19:00
Sat h 10:00 / 17:00
Sun h 10:00 / 13:00
(closed : Nov 1st - Dec 8th, 25th and 26 th - Jan 1st and 6th)",+39 055 8546299,+39 055 8546299,info@turismo.greveinchianti.eu,"Orario di apertura da Marzo a Ottobre:
tutti i giorni (da Lunedi' a Domenica) dalle 10:00 alle 19:00

Orario di apertura da Novembre a Febbraio :
da Lunedi' a Venerdi' dalle 9:00 alle 13:00 e dalle 15:00 alle 19:00
Sabato dalle 10:00 alle 17:00
Domenica dalle 10:00 alle 13:00
(chiuso: 1 Novembre - 8, 25 e 26 Dicembre - 1 e 6 Gennaio)",false,,,,
PROLOCO IMPRUNETA,TOURIST OFFICE IMPRUNETA,PROLOCO IMPRUNETA,TOURIST OFFICE IMPRUNETA,,Impruneta,Piazza Garibaldi,,43.685230,11.253470,"Impruneta e' famosa per la Festa dell'Uva, in cui si svolge la sfilata dei carri allegorici costruiti dagli abitanti del paese. L'evento ha luogo l'ultima domenica di settembre in piazza Buondelmonti. I rioni sono quattro: Fornaci, Pallo', S.Antonio e Sante Marie.","Impruneta is famous for the Grape Parade, with floats built by the villagers. The event takes place every last Sunday in September in Piazza Buondelmonti. The districts are four:  Fornaci, Pallo', S.Antonio and Sante Marie.","Da Firenze con autobus di linea  CAP (diretta) Largo Alinari, nei pressi della Stazione di Santa Maria Novella","From Florence bus service CAP (direct bus) Largo Alinari, nearby Santa Maria Novella train station",Aperto tutto l'anno,From May to October: Wednesday and Sunday 10.00am-1.00pm/3.00pm-6.00pm; from October to May: to be announced.,+39 055 2313729,+39 055 2313729,prolocoimpruneta@gmail.com,da maggio a ottobre:  mercoledi' e domenica 10.00-13.00; martedi'-giovedi'-venerdi'-sabato 10-13/15-18; l'orario di apertura da ottobre a maggio e' da definire.,false,,,,
Ufficio Turistico,Tourist Information,Ufficio Turistico,Tourist Information,www.comune.lastra-a-signa.fi.it,Lastra a Signa,PIAZZA DEL COMUNE,15,43.770331,11.105476,Si segnala nelle vicinanze la chiesa di San Martino a Gangalandi con Museo di Arte Sacra,Nearby you can find the parish church San Martino a Gangalandi with a Museum of Sacred Art,"In treno direzione Pisa-Livorno in 16', dista 14 km da Firenze","By train direction Pisa-Livorno in 16', distance from Florence 14 km",Aperto tutto l'anno,"From May 1st to October 31th
Mon      9.15-13
Tue       9.15-13
Wed    10.15-12
Thu       9.15-13
Fri        9.15-13

From November 1st to April 30th
Mon       9.15-12.30
Tue        9.15-12.30
Wed      10.15-12
Thu        9.15-12.30
Fri          9.15-12.30","+39 055 8725770
+39 055 8743245","+39 055 8725770
+39 055 8743245",ufficioturistico@comune.lastra-a-signa.fi.it,"Dal 1 Maggio al 31 ottobre
Lunedi         9.15-13
Martedi'        9.15-13
Mercoledi'    10.15-12
Giovedi'        9.15-13
Venerdi'        9.15-13

Dal 1 Novembre al 30 Aprile
Lunedi          9-12.30
Martedi'         9-12.30
Mercoledi'     10-12
Giovedi'         9-12.30
Venerdi'         9-12.30",false,,,+39  055 8722946,+39  055 8722946
PARCO NAZIONALE DELLE FORESTE CASENTINESI,FORESTE CASENTINESI NATIONAL PARK,PARCO NAZIONALE DELLE FORESTE,FORESTE CASENTINESI NATIONAL PARK,http://www.parcoforestecasentinesi.it,Londa,Parco del Lago,,43.861615,11.565571,I centri visita sono aperti nei mesi primaverili ed estivi e in occasione delle Festivita'† Pasquali,The Visitor Centers are open during springtime and summertime and during Easter Holidays,il Parco e' raggiungibile in treno dalla Stazione di Pontassieve e Contea-Londa nel versante Mugellano. E' consigliabile contattare il Parco per i dettagli.,You can reach the Park by train from Pontassieve and Contea-Londa in the area Mugello. It is advisable to contact the Park for further details.,Apertura stagionale,"Friday, Saturday, Sunday and holidays 9.00am-12.30am.  June: Wedesday, Thursday, Friday 9.00am-12.30am; Saturday and Sunday 9.00am-12.30am/3.30pm-6.00pm. July: Tuesday, Wednesday, Thursday 9.00am-12.30am; Friday, Saturday and Sunday 9.00am-12.30am/3.30-6.00pm August: Tuesday and Wednesday 9.00am-12.30am; Thursday, Friday , Saturday and Sunday 9.00am-12.30am/3.30pm-6.00pm September: Friday 9.00am-12.30am; Saturday and Sunday 9.00am-12.30am/3.30pm-6.00pm October: Saturday and Sunday 9.00am-12.30am",+39 055 8351202,+39 055 8351202,cv.londa@parcoforestecasentinesi.it,aprile e maggio- ven. sab. dom. festivi 9.00 - 12.30 Giugno -	mer. gio. ven. 9.00 - 12.30 sabato e domenica 9.00-12.30 / 15.30-18.00 Luglio -	mar. mer. gio. 9.00 - 12.30 ven. sab. dom. 9.00-12.30 / 15.30-18.00 Agosto -	martedi' e mercoledi' 9.00 - 12.30 gio. ven. sab. dom. 9.00-12.30 / 15.30-18.00 Settembre -venerdi' 9.00 - 12.30 sabato e domenica 9.00-12.30 / 15.30-18.00 Ottobre -sabato e domenica 9.00 - 12.30,false,,,,
COMUNE LONDA,LONDA MUNICIPALITY,Per informazioni mesi invernali,For information during wintertime,http://www.comune.londa.fi.it,Londa,Piazza Umberto I,9,43.860340,11.566750,"Sul lago e' aperto il Centro Visita del Parco Nazionale delle Foreste Casentinesi, che ha in Londa una delle due porte di accesso dal versante fiorentino (l'altra e' Castagno d'Andrea)","On the lake you can visit  the Visitor Center of the National Park of Foreste Casentinesi, Londa is one of the two gates on the florentine area (the other one is Castagno d'Andrea)","FERROVIA: La stazione e' quella di Londa - Contea, collegata al paese da un servizio autobus gestito dal comune.

AUTOBUS: Il paese e' collegato a Firenze con linea BuSITAlia","Railway : Londa - Contea train station is connected to the village by bus service of the Municipality

Bus: Londa is connected to Florence by BuSITAlia service",Aperto tutto l'anno,"Mon Sat h 09,00-12,00 
Thu  h 09,00-12,00  /  15,00-17,00, except on Wednesday (closure day)

In July and August closed on Thursday afternoon",+39 055 8352520,+39 055 8352520,,"Dal lunedi' al sabato con orario 09,00-12,00 ed il giovedi' anche 15,00-17,00, escluso il mercoledi' (giorno di chiusura)

Nei mesi di LUGLIO ed AGOSTO chiuso giovedi' pomeriggio",false,,,+39 055 8351163,+39 055 8351163
Ufficio informazioni turistiche,Tourist information office,Ufficio informazioni turistiche,Tourist information office,www.pro-marradi.it,Marradi,Via Castelnaudary,5,44.076950,11.613100,Marradi e' il luogo natio del grande poeta Dino Campana,The great poet Dino Campana was born in Marradi,"A Marradi da Firenze si puo' arrivare in treno (linea vecchia Faentina o via Pontassieve) o in autobus, i trasporti sono affidati a tre compagnie, CAP, BuSITAlia e FLORENTIA BUS.","You can reach Marradi from Florence by train (through the old Faentina line or through Pontassieve) or by bus, through three bus companies, CAP, BuSITAlia and FLORENTIA BUS.",Aperto tutto l'anno,"From January to May : Monday to Saturday 9.00 am-12.00 am
From June 1st to December 31st : Monday to Saturday  9.00 am-12.00 am/3.30 pm-6.30 pm (except Wednesday closed  in the afternoon); on Sunday 10.00-12.00.",+39 055 8045170,+39 055 8045170,info@pro-marradi.it,"Da gennaio a maggio: da lun a sab  9-12.00
Dal 1 giu al 31 dic: da lun a sab  9-12/15.30-18.30,  merc solo  9-12
domenica apertura ore 10-12",false,,,+39 055 8042728,+39 055 8042728
Comune di Montaione Ufficio Informazioni Turistiche,TOURIST INFORMATION,Comune di Montaione Ufficio Informazioni Turistiche,TOURIST INFORMATION,www.comune.montaione.fi.it,Montaione,Via Cresci,17,43.552670,10.912780,L'ufficio e' ubicato presso il  Museo Civico,The Tourist Office lies at the Civic Museum,"Con i mezzi pubblici da Firenze treno fino alla stazione di Castelfiorentino; da qui Montaione e' collegata con i bus (Piubus) che partono davanti all'uscita della stazione (ad eccezione del sabato, giorno in cui la fermata e' spostata sul lato opposto della stazione percha'© davanti vi si svolge il mercato settimanale)","With public means from Florence by train until Castelfiorentino; from here to Montaione you can find line buses (Piubus)  with terminal in front of the train station (apart from Saturday, when the bus stop is on the opposite side of the train station, because of the week market)",Apertura stagionale,"April 1 / October 31

open also on Sunday from May 15 through September 15 

Timetable: Mo 16.30-19.30; 
Tue Sun 10.00-13.00",+39 0571 699255,+39 0571 699255,turismo@comune.montaione.fi.it,"1 Aprile al 31 Ottobre

aperto ANCHE la domenica dal 15 maggio al 15 settembre

Orari: Lun 16.30-19.30; da Mart a Dom. 10.00-13.00",false,,,+39 0571 699255,+39 0571 699255
UFFICIO TURISTICO C/O MUSEO DELLA CERAMICA,TOURIST INFORMATION  IN THE CERAMICS MUSEUM,UFFICIO TURISTICO C/O MUSEO DELLA CERAMICA,TOURIST INFORMATION  IN THE CERAMICS MUSEUM,,Montelupo Fiorentino,Piazza Vittorio Veneto,10,43.734854,11.022162,"Montelupo Citta'† della Ceramica

L'Ufficio Turistico ha sede presso il MMAB, Montelupo Museo Archivio Biblioteca","Montelupo is famous for its ceramics

The Tourist Office is situated c/o MMAB, Montelupo Museum Archiv and Library","In treno direzione Pisa-Livorno in 27', dista 25 km da Firenze","By train direction Pisa-Livorno in 27', distance from Florence 25 km",Aperto tutto l'anno,"From March to October: Wednesday to Sunday 11.00am-7.00pm. 

Extended opening hours during the Ceramic Festival in June.
Until July 15 from Tue through Sun  10.00 / 19.00 + Wed and Thu  21.00 / 23.30

From July  15 through August 31 from Tue through Sun  9.00 / 14.00;
From August 31  from Tue through Sun  10.00 / 19.00 + Wed and Thu  21.00 / 23.30

From November 1st to February 28th: Saturday 2.00pm-7.00pm, Sunday 11.00am-7.00pm.",+39 0571 51087,+39 0571 51087,info@museomontelupo.it,"dal 1 maggio  al 31 ottobre:  mart 10 - 13, merc 10 - 13, giov 10 - 18, ven 10 - 18 sab 10 - 18 dom 10 - 18   
Estensione oraria durante il Festival della Ceramica a giugno:
fino al 15 luglio dal martedi' alla domenica 10.00 19.00 piu' due aperture serali mercoledi' e giovedi' 21.00 / 23.30

Dal 15 luglio al 31 agosto dal martedi' alla domenica 9.00 / 14.00;
dal 31 agosto in poi dal martedi' alla domenica 10.00 19.00 piu' due aperture serali mercoledi' e giovedi' 21.00 23.30
 
Dal 1 novembre al 30 aprile:  sab 13 - 18, dom 10 - 18",false,,,+39 0571 542588,+39 0571 542588
UFFICIO INFORMAZIONI TURISTICHE C/O CONSORZIO TURISTICO DI MONTESPERTOLI TERRE DI LEONARDO E BOCCACCIO E COLLINE DEL CHIANTI,TOURIST OFFICE C/O TOURIST UNION OF MONTESPERTOLI,UFFICIO INFORMAZIONI TURISTICHE C/O CONSORZIO TURISTICO DI MONTESPERTOLI TERRE DI LEONARDO E BOCCACCIO E COLLINE DEL CHIANTI,TOURIST OFFICE C/O TOURIST UNION MONTESPERTOLI  TERRE DI LEONARDO E BOCCACCIO E COLLINE DEL CHIANTI,www.comune.montespertoli.fi.it,Montespertoli,PIAZZA NICCOLO' MACHIAVELLI,13,43.644135,11.077442,"L'Ufficio Informazioni Turistiche si trova c/o il Consorzio Turistico Montespertoli Terre di Leonardo e Boccaccio e Colline del Chianti.
Montespertoli e' un'ottima meta del turismo eno-gastronomico","The Tourist Office is situated c/o Tourist Union Montespertoli Terre di Leonardo e Boccaccio e Colline del Chianti.
Montespertoli is a very good place for wine-food tourism",Collegamento con Firenze con l'autobus BuSITAlia da Via Santa Caterina da Siena 15/r (angolo Piazza Stazione Santa Maria Novella),Bus connection to Florence by BuSITAlia from Via Santa Caterina da Siena 15/r (at the corner station square Santa Maria Novella),Aperto tutto l'anno,"New winter timetable of the Tourist Office Montespertoli:

Tue Wed Thu : h 9:30 - 12:30
Fri : h 10:00 - 12:00 / 16:00 - 18:00
Sat, Sun and bank holidays: h 10:00 - 12:00 /15.00 - 18:00.
Closed: on Monday, Dec 25, Jan 1.

From April 1 through October 31
daily h 10:00 - 12:30 /  16:30 - 19:00
The timetables of the Tourist Office are the same of Amedeo Bassi museum",+39 0571 600255,+39 0571  600255,touristofficemontespertoli@gmail.com,"Nuovo orario dell'Ufficio Turistico di Montespertoli per la stagione invernale:

Martedi', Mercoledi', Giovedi': 9:30 - 12:30
Venerdi': 10:00 - 12:00 / 16:00 - 18:00
Sabato, Domenica e Festivi: 10:00 - 12:00 /15.00 - 18:00.
Chiuso: Lunedi', 25 dicembre, 1 Gennaio

Dal 1 Aprile al 31 Ottobre 
tutti i giorni dalle 10:00 alle 12:30 / dalle 16:30 alle 19:00
Gli orari di apertura dell'ufficio informazioni  concidono con quelli del museo Amedeo Bassi",false,,,+39 0571 609760,+39 0571 609760
Ufficio informazioni turistiche Palazzo dei Capitani Palazzuolo sul Senio,Tourist Office Palazzo dei Capitani Palazzuolo sul Senio,Ufficio informazioni turistiche Palazzo dei Capitani,Tourist Office Palazzo dei Capitani,www.palazzuoloturismo.it,Palazzuolo sul Senio,PIAZZA ETTORE ALPI,1,44.112349,11.547460,Accanto all'Ufficio Turistico vi sono il Museo Archeologico e il Museo della Civilta'† Contadina,Next to the Tourist Office you can find the Archaeological Museum and the  Museum of Rural Life,"Da Firenze con le autolinee CAP direzione Borgo San Lorenzo, Marradi","From Florence by bus service CAP direction Borgo San Lorenzo, Marradi",Apertura stagionale,"April:Sat - Sun  h 15.00-18.00
May and October:  Sat - Sun  h 10.00-12.00 15.00-18.00
June and September: Fri - Sat - Sun  h 10.00-12.00 15.00-18.00
July August: daily h  10.00-12.00 / 16.00-19.00 
Closed on Monday
November December: Sat - Sun  h 15.00-18.00
The Tourist Office is open also on bank holidays except on Easter, Christmas, New Year's Day
From January 6 th until end of March it is closed",+39 055 8046125,+39 055 8046125,turismo@comune.palazzuolo-sul-senio.fi.it,"Aprile Sabato- Domenica 15.00-18.00
Maggio e Ottobre: Sabato- Domenica 10.00-12.00 15.00-18.00
Giugno e Settembre: Venerdi'- Sabato- Domenica 10.00-12.00 15.00-18.00
Luglio-Agosto: Tutti i giorni 10.00-12.00 16.00-19.00 Chiuso il lunedi'
Novembre-Dicembre: Sabato- Domenica 15.00-18.00
L'Ufficio Turistico apre anche nei giorni festivi escluso Pasqua, Natale, Capodanno
Dal 6 Gennaio a fine marzo chiuso",false,,,+39 055 8046461,+39 055 8046461
COMUNE PELAGO,PELAGO MUNICIPALITY,COMUNE PELAGO,PELAGO MUNICIPALITY,www.comune.pelago.fi.it,Pelago,Via Ponte Vecchio,1,43.770070,11.505680,Nella zona e' possibile seguire itinerari a piedi fino ad oltre 700 mt,In this area you can go hiking on trails beyond 700 mt,Da Firenze con autobus di linea BuSITAlia,From Florence by bus service BuSITAlia,Aperto tutto l'anno,Mon Sat h 8.30 / 12.30,+39 055 8327301,+39 055 8327301,affarigenerali@comune.pelago.fi.it,dal lunedi' al sabato dalle ore 8.30 alle 12.30,false,,,+39 055 8326839,+39 055 8326839
URP COMUNE PONTASSIEVE,Public Relation Office of the Municipality PONTASSIEVE,URP COMUNE PONTASSIEVE,Public Relation Office of the Municipality PONTASSIEVE,www.comune.pontassieve.fi.it,Pontassieve,Via Tanzini,30,43.775740,11.439880,"Pontassieve sta accrescendo la sua offerta per il turismo ambientale"" legato al trekking e all'escursionismo in bicicletta""",In Pontassieve you can find hiking and bike tourism,Con il treno o autobus di linea BuSITAlia,By train or bus service BuSITAlia,Aperto tutto l'anno,"Mon Sat h 8,30 / 12,30 
Tue + Thu h 8,30 / 12,30
               h 15,15 / 17,45",+39 055 8360241,+39 055 8360241,info@comune.pontassieve.fi.it,"Da Lunedi' al Sabato dalle 8,30 alle 12,30 - Martedi' e Giovedi' dalle 15,15 alle 17,45",false,,,+39 055 8360285,+39 055 8360285
UFFICIO INFORMAZIONI SALTINO-VALLOMBROSA,TOURIST OFFICE SALTINO-VALLOMBROSA,UFFICIO INFORMAZIONI SALTINO-VALLOMBROSA,TOURIST OFFICE SALTINO-VALLOMBROSA,www.provallombrosa.it,Reggello,Via San Giovanni Gualberto,24,43.729540,11.537210,In una foresta secolare domina l'Abbazia dei Monaci Benedettini,In an ancient forest the Abbey of Benedictine monks dominates the surrounding area,con autolinee BuSITAlia con partenza dalla stazione S.M.N. di Firenze,by BuSITAlia bus service with departures from S.M.N. station Firenze,Apertura stagionale,"Opening June  21 
Closure September 07  2014

FROM JUNE 21 THROUGH JULY 11 Fri-Sun   
9,30 - 13,30 
                                                               
FROM JULY 12 THROUGH JULY 31 Tue-Sun 9,30 - 13,30 and  14,00 - 18,00
    
FROM AUGUST 1 THROUGH AUGUST 31 
Tue-Sun     9,30 - 13,30 AND IN THE DAYS AUGUST   3-8-9-10-14 -15-16 also open in the afternoon  14,00 - 18,00	

FROM SEPTEMBER 1 THROUGH  07  Fri-Sun  
9,30  -  13,30",+39 339 1857460,+39 339 1857460,info@provallombrosa.it,"Apertura  21 Giugno
Chiusura 07 Settembre  2014

DAL 21 GIUGNO AL 11 LUGLIO  dal  venerdi' alla domenica       ore  9,30 - 13,30 
                                                               
DAL 12 LUGLIO AL 31 LUGLIO  dal martedi' alla domenica         ore 9,30 - 13,30 e     ore 14,00 - 18,00
    
DAL 1∞ AL 31 AGOSTO    dal  martedi' alla domenica	                 ore  9,30 - 13,30 E
NEI GIORNI  3-8-9-10-14 -15-16 AGOSTO aperto anche  IL POMERIGGIO   ore 14,00 - 18,00	

DAL 1∞ AL  07  SETTEMBRE    venerdi' sabato domenica	       ore  9,30  -  13,30",false,,,+39 055 561451,+39 055 561451
PRO LOCO  REGGELLO E CASCIA,PRO LOCO  REGGELLO E CASCIA,PRO LOCO,PRO LOCO,,Reggello,VIA DANTE ALIGHIERI,11,43.682560,11.535535,"Da visitare a Reggello il Trittico di San Giovenale""  di Masaccio nella splendida Pieve di Cascia""","You can visit in Reggello Masaccio's  Trittico di San Giovenale"" inside the magnificent Pieve di Cascia""","Si raggiunge Reggello con l'autobus delle AUTOLINEE CHIANTI VALDARNO""""","You can reach Reggello by AUTOLINEE CHIANTI VALDARNO"" bus service""",Apertura stagionale,"June 1 / September 30 
Timetable: Mo-Sat 9.30-12.30/16-19; Sun and Holidays: 9.30-12.30.",+39 055 8669368,+39 055 8669368,pro.reggello@hotmail.it,Stagionale da 1∞ giugno a 30 settembre.Orario: da lunedi' al sabato 9.30-12.30/16-19; domenica e festivi: 9.30-12.30.,false,,,+39 055 8669274,+39 055 8669274
UFFICIO DI INFORMAZIONI TURISTICHE  ''THE MALL”,TOURIST INFORMATION,UFFICIO DI INFORMAZIONI TURISTICHE,TOURIST INFORMATION,,Reggello,VIA EUROPA,8,43.703611,11.462851,"Presso l'outlet The Mall""""","C/o outlet The Mall""""","Da Firenze con l'autobus BUSITALIA/SITA / autostazione - Via Santa Caterina da Siena 17 (vicino alla stazione ferroviaria centrale)

Esiste anche una linea privata organizzata dal Centro The Mall per il servizio di trasporto presso la struttura.","By BUSITALIA/SITA bus service / depot - Via Santa Caterina da Siena 17 (near the central train station)

You also have a private shuttle bus line service organized by The Mall",Aperto tutto l'anno,Shops timetable,+39 055 8657775,+39 055 8657775,touristinformation@themall.it,Orario negozi,false,,,,
URP COMUNE RIGNANO SULL'ARNO,Public Relation Office of the Municipality RIGNANO SULL'ARNO,URP COMUNE RIGNANO SULL'ARNO,Public Relation Office of the Municipality RIGNANO SULL'ARNO,www.comune.rignano-sullarno.fi.it,Rignano sull'Arno,Piazza della Repubblica,1,43.721837,11.453465,Si segnala la vicina Pieve di San Leolino,Nearby you can find the parish church of San Leolino,"- In autobus da Firenze con i servizi di linea BuSITAlia. Partenza da via S. Caterina da Siena 15/r (angolo piazza della stazione)
- In treno esistono collegamenti frequenti e veloci, uno almeno ogni ora in direzione Arezzo - Roma","- From Florence by BuSITAlia service bus. Departure from via S. Caterina da Siena 15/r (at the corner station square)
- By train through  frequent and fast connections, at least one per hour, direction Arezzo - Rome",Aperto tutto l'anno,"Mo Fri h 8.30 / 12.30 
Tue + Thu h 8.30 / 12.30 
               h 15.00 alle ore 18.00 
August 1/31: 
Every morning h 8.30 / 13:00",+39 055 8347802,+39 055 8347802,urp@comune.rignano-sullarno.fi.it,"Dal Lunedi al Venerdi' dalle ore 8.30 alle ore 12.30 ed il Martedi' e Giovedi' pomeriggio dalle ore 15.00 alle ore 18.00 
Dal 1 al 31 Agosto : 
Tutte le mattine dalle ore 8.30 alle ore 13:00",false,,,+39 055 8348787,+39 055 8348787
Ufficio Turistico presso Villa di Poggio Reale di Rufina,Tourist Office c/o Villa di Poggio Reale Rufina,Ufficio Turistico presso Villa di Poggio Reale di Rufina,Tourist Office c/o Villa di Poggio Reale Rufina,http://www.montagnefiorentine.it/,Rufina,viale Duca della Vittoria,7,43.826129,11.488239,"Il Museo raccoglie materiali e documenti sulla tradizione vinicola di Rufina. La sezione espositiva si svolge all'interno delle cantine dell'antica villa.
Il complesso museale e' affiancato da una enoteca che permette di assaggiare i migliori vini delle valli circostanti",The Museum collects documents about Rufina wine tradition. The exposition is inside the cellars of the ancient villa. You can also find here a wine shop for tasting the best wines of the surroundings,Rufina e' raggiungibile da Firenze con autobus di linea BuSITAlia da Via Santa Caterina da Siena 15/r (angolo Piazza Stazione Santa Maria Novella) oppure in treno,You can reach Rufina from Florence by bus service BuSITAlia from Via Santa Caterina da Siena 15/r (at the corner station square Santa Maria Novella) or by train,Apertura stagionale,The opening times are subject to changes,+39 055 8396533,+39 055 8396533,,L'orario di apertura e' soggetto a variazioni,false,,,,
UFFICIO CULTURA TURISMO SVILUPPO ECONOMICO UNIONE DI COMUNI VALDARNO E VALDISIEVE,CULTURE AND TOURIST OFFICE UNION OF THE MUNICIPALITIES VALDARNO E VALDISIEVE,UFFICIO CULTURA TURISMO SVILUPPO ECONOMICO UNIONE DI COMUNI VALDARNO E VALDISIEVE,CULTURE AND TOURIST OFFICE UNION OF THE MUNICIPALITIES VALDARNO E VALDISIEVE,www.cm-montagnafiorentina.fi.it/,Rufina,Via XXV Aprile,10,43.823050,11.483330,Da visitare a Rufina il Museo della Vite e del Vino,You can visit in Rufina the Grape and Wine Museum,Rufina e' raggiungibile da Firenze con autobus di linea BuSITAlia da Via Santa Caterina da Siena 15/r (angolo Piazza Stazione Santa Maria Novella) oppure in treno,You can reach Rufina from Florence by bus service BuSITAlia from Via Santa Caterina da Siena 15/r (at the corner station square Santa Maria Novella) or by train,Aperto tutto l'anno,"Monday, Wednesday, Friday 9.00 am-1.00 pm; Tuesday and Thursday  9.00 am-1.00 pm/2.30 pm- 5.00 pm",+39 055 8396641,+39 055 8396641,segreteria@uc-valdarnoevaldisieve.fi.it,"lunedi', mercoledi', venerdi' 9-13; martedi', giovedi' 9-13/14.30-17.",false,,,+39 055 8396634,+39 055 8396634
UFFICIO TURISTICO SAN CASCIANO,TOURIST OFFICE SAN CASCIANO,PRESSO MUSEO SAN CASCIANO,AT THE MUSEUM SAN CASCIANO,www.comune.san-casciano-val-di-pesa.fi.it,San Casciano in Val di Pesa,Via Lucardesi,6,43.657260,11.184540,l'Ufficio Turistico Comunale si trova all'interno delle mura Medioevali,The Tourist Office is situated inside the Medieval walls,"San Casciano e' collegata a Firenze tramite BUSITALIA ( linee 368-370 e 371-372 ).
L'autostazione a Firenze si trova in Via Santa Caterina da Siena, accanto alla stazione ferroviaria Santa Maria Novella","San Casciano is connected to Florence through  BUSITALIA bus lines 368-370 and 371-372.
The bus station in Florence is in Via Santa Caterina da Siena, aside the railway station Santa Maria Novella",Aperto tutto l'anno,"From April 1st to October 15th : Monday and Thursday  10.00 am -1.00 pm; from Thursday to Sunday:  10.00 am-1.00 pm/4.00 pm - 7.00 pm; From October 16th  to March 31st: Monday 10.00 am-1.00 pm,  Friday 3.00-6.00 pm, Saturday and Sunday: 10.00 am-1.00 pm/3.00 pm - 6.00 pm.",+39 055 8256385,+39 055 8256385,infoturismo@comune.san-casciano-val-di-pesa.fi.it,"dal 1∞ aprile al 15 ottobre: lunedi' e martedi' 10-13, dal giovedi' alla domenica 10-13/16-19; dal 16 ottobre al 31 marzo:  lunedi' 10-13, venerdi' 15-18, sabato e domenica 10-13/15-18",false,,,,
CENTRO VISITA PARCO NATURALE FORESTE CASENTINESI CASTAGNO D'ANDREA,VISIT CENTER OF THE  FORESTE CASENTINESI NATIONAL PARK IN CASTAGNO D'ANDREA,CENTRO VISITA PARCO NATURALE FORESTE CASENTINESI,VISIT CENTER OF THE  FORESTE CASENTINESI NATIONAL PARK IN CASTAGNO D'ANDREA,www.parks.it/parco.nazionale.for.casentinesi/index.html,San Godenzo,VIA DELLA ROTA - IL CASTAGNO D'ANDREA,8,43.896363,11.659708,"Il Castagno d'Andrea e' una stazione climatica a 725 metri sul livello del mare e si presenta come una delle localita'† piu' suggestive dell'Appennino centro-settentrionale. Porta d'accesso al Parco Nazionale delle Foreste Casentinesi, Monte Falterona e Campigna accoglie chi e' in cerca della montagna e della natura con il Centro Visita.
Il paese vive soprattutto di turismo ambientale. Un'importante risorsa e' poi quella del marrone, quello che per i nostri nonni era ""il pane della montagna"" e che oggi si presenta come un prodotto insostituibile sulle tavole autunnali.  I Centri Visita del Parco sono aperti nei mesi primaverili ed estivi e in occasione delle Festivita'† Pasquali""","Il Castagno d'Andrea is a health resort at 725 meters above sea level, and looks like one of the most attractive areas of the Middle-North Appennine. It is a gateway to the National Park of Casentino Forests, Mount Falterona and Campigna and welcomes people in search of mountain and nature through the Visitor Center.
The village lives above all of enviromental tourism.
An important resource is the marrone"" chestnut, ""the bread of the mountain""  for our grandparents  and now it represents a necessary product on the laid tables of autumn.

The Visitor Centers of the Park are open during springtime and summertime and during Easter Holidays""","San Godenzo e' raggiungibile con linea ferroviaria Firenze, Borgo S.Lorenzo, stazione Dicomano  piu' bus pubblico. Castagno d'Andrea e' a 7 Km da San Godenzo.","You can reach San Godenzo by train Firenze, Borgo S.Lorenzo, from Dicomano train station by public bus. Castagno d'Andrea lies at 7 Km from San Godenzo.",Apertura stagionale,"une: Saturday and Sunday 9.00am-12.00am July: Friday 9.00 am - 12.00 am/Saturday and Sunday 9.00 am - 12. 00 am/ 3.30 pm- 5.30 pm-  August: Wednesday and Thursday  9.00 am- 12.00 am/ Friday, Saturday and Sunday 9.00 am- 12.00 am/ 3.30 pm- 5.30 pm- September:  Saturday and Sunday 9.00 am- 12.00 am - October:  Saturday and Sunday 9.00 am- 12.00 am",+39 055 8375125,+39 055 8375125,cv.castagnodandrea@parcoforestecasentinesi.it,"Giugno  sab. e dom. 9.00 - 12.00,  Luglio  ven. 9.00-12.00, sab. dom. 9.00-12.00/15.30 -17.30  Agosto mer. gio. 9.00 - 12.00 ven. sab. dom. 9.00 - 12.00 / 15.30 -17.30  Settembre  sab. dom. 9.00 - 12.00  Ottobre  sab. dom. 9.00 - 12.00",false,,,+39 055 8375125,+39 055 8375125
COMUNE SAN GODENZO,MUNICIPALITY SAN GODENZO,COMUNE SAN GODENZO,MUNICIPALITY SAN GODENZO,www.comune.san-godenzo.fi.it,San Godenzo,Piazza Municipio,1,43.926069,11.619613,"Il paese ha tra le sue attivita'† economiche prevalenti l'artigianato del legno, del ferro battuto e della pietra","The village has among its main economic activities wood crafts, wrought iron and stone","San Godenzo e' raggiungibile con linea ferroviaria Firenze, Borgo S.Lorenzo, stazione Dicomano piu' bus pubblico","You can reach San Godenzo by train Firenze, Borgo S.Lorenzo, and from Dicomano train station by public bus.",Aperto tutto l'anno,"Library timetable:
Monday to Friday: 8.30 am-12.30 am, Saturday 9.00 am-12.00 am, Monday and Thursday also 4.00 pm - 6.00 pm.",+39 055 837381,+39 055 837381,info@comune.san-godenzo.fi.it,"Orario della biblioteca:
lunedi'-venerdi' 8.30-12.30, sabato 9-12, lunedi' e giovedi' anche 16-18.",false,,,+39 055 8374118,+39 055 8374118
BIBLIOTECA SAN PIERO A SIEVE,LIBRARY SAN PIERO A SIEVE,BIBLIOTECA SAN PIERO A SIEVE,LIBRARY SAN PIERO A SIEVE,http://www.comune.scarperiaesanpiero.fi.it/,San Piero a Sieve,Via Medici,10,43.962200,11.323020,"Tra il XIV ed il XV secolo San Piero a Sieve visse il suo momento di maggior prestigio, in relazione ai successi della politica medicea. Fu proprio in questo periodo che essi eressero abitazioni anche all'interno del paese: Villa Adami e Villa Schifanoia","Between the XIV and XV centuries San Piero a Sieve reached its golden age, in relationship with the success of the Medici politics. It was a this time that they built their villas also inside the village: Villa Adami and Villa Schifanoia.","Da Firenze ci sono ottimi collegamenti autobus con San Piero a Sieve, gestiti da tre compagnie:
- Autolinee Cap 
- Autolinee Sita 
- Autolinee Florentia Bus","From Florence you can find very good bus connections to San Piero a Sieve by three bus companies:
- Autolinee Cap 
- Autolinee Sita 
- Autolinee Florentia Bus",Aperto tutto l'anno,"Monday to Friday: 3.00 pm - 7.00 pm; Thursday 9.00 am-12.00  am/3.00 pm - 7.00 pm; Saturday 9.00 am-1.00 pm; July and August: Monday, Wednesday, Thursday and Saturday 9.00am-1.00am; Tuesday and Friday 3.00pm - 7.00pm.",+39 055 8487528,+39 055 8487528,biblioteca.sanpiero@comune.scarperiaesanpiero.fi.it,"Orario invernale: lunedi'-venerdi' 15-19; giovedi' 9-12/15-19; sab 9-13/Lu e ago lun,merc, gio e sab 9-13; mart e ven 15-19;",false,,,+39 055 846509,+39 055 846509
URP COMUNE SCANDICCI,Public Relation Office of the Municipality SCANDICCI,URP COMUNE SCANDICCI,Public Relation Office of the Municipality SCANDICCI,www.comune.scandicci.fi.it,Scandicci,Piazzale della Resistenza,1,43.758390,11.181040,"Da segnalare l'Abbazia di Badia a Settimo. Le opere d'arte piu' importanti presenti nella chiesa sono il Martirio di san Lorenzo di Domenico Buti, due medaglioni raffiguranti l'Angelo e l'Annunziata di Domenico Ghirlandaio (1487) e il tabernacolo di Giuliano da Maiano","It is to point out the Abbey of Badia a Settimo. The most important works of art in the church are the Martyrdom of St. Lorenzo by Domenico Buti, two medallions depicting the Angel and the Virgin by Domenico Ghirlandaio (1487) and the tabernacle by Giuliano da Maiano",Da Firenze si raggiunge Scandicci con la tramvia T1 e poi l'autobus nr. 26,From Florence you can reach Scandicci by tramway T1 and then by nr. 26 bus service,Aperto tutto l'anno,Mon-Fri 8am-6pm/Sat 8am-1pm,+39 055 7591302-201,+39 055 7591302-201,urp@comune.scandicci.fi.it,lunedi'-venerdi' 8-18/sab 8-13,false,,,+39 055 7591378,+39 055 7591378
Ufficio informazioni turistiche presso Palazzo dei Vicari SCARPERIA,Tourist information office at Palazzo dei VicarI SCARPERIAi,Ufficio informazioni turistiche presso Palazzo dei Vicari SCARPERIA,Tourist information office inside Palazzo dei Vicari SCARPERIA,www.prolocoscarperia.it,Scarperia,PIAZZA DE' VICARI,,43.996143,11.354995,La Pro Loco Scarperia e' situata all'interno del Palazzo dei Vicari & Museo dei Ferri Taglienti,The Tourist Office is situated inside Palazzo dei Vicari and Sharp Irons Museum,"Da Firenze si arriva a Scarperia con l'autobus Autolinee Mugello Valdisieve, autostazione di BuSITAlia in Via Santa Caterina da Siena, accanto alla stazione ferroviaria Santa Maria Novella","From Florence you can reach Scarperia by Autolinee Mugello Valdisieve, bus station BuSITAlia in Via Santa Caterina da Siena, aside the railway stationa Santa Maria Novella",Aperto tutto l'anno,"From June to September . Mon and Tue 9am-1pm; Wed, Thur Fri 9am-1pm/3pm-7pm; Sat, Sun and holidays 10am-1pm/3pm-7pm.

From October 1  Palazzo dei Vicari and Museo dei Ferri Taglienti change their timetable like following:

Mon and Tue h  9-13 
(only Tourist Office)

Wed through Fri h 9-13 (Tourist Office + Museum)

Sat, Sun and holidays h 10-13 & 14:30-18:00 
(Tourist Office + Museum)",+39 055 8468165,+39 055 8468165,informazioni@prolocoscarperia.it,"Da giugno a settembre : lunedi' e martedi' 9-13; mercoledi', giovedi', venerdi' 9-13 /15-19; sabato, domenica e festivi 10-13/15-19

Dal 1∞ Ottobre il Palazzo dei Vicari ed il Museo dei Ferri Taglienti cambiano il proprio orario, passando da quello estivo a quello invernale.
Gli orari sono i seguenti:

Lunedi' e Martedi' ore 9-13 (apertura del solo Ufficio Informazioni)

Da Mercoledi'  a Venerdi' ore 9-13 (apertura Ufficio Informazioni e Complesso Museale)

Sabato, Domenica & Festivi ore 10-13 & 14:30-18:00 (apertura Ufficio Informazioni e Complesso Museale)",false,,,+39 055 8468862,+39 055 8468862
URP COMUNE,Public Relation Office of the Municipality,URP COMUNE,Public Relation Office of the Municipality,www.comune.sesto-fiorentino.fi.it,Sesto Fiorentino,Largo V Maggio,,43.832460,11.198580,Si segnala la vicina Tomba Etrusca de La Mula con aperture straordinarie al pubblico,Nearby you can find the Etruscan Grave La Mula with extraordinary openings to the public,"Da Firenze stazione Santa Maria Novella autobus Ataf numero 2 e 28, capolinea lato Palazzo dei Congressi","From Florence station Santa Maria Novella Ataf bus number 2 and 28, terminal on the side of the Congress Center",,Monday to Friday: 8.30 am -1.30 pm; Tuesday and Thursday also 3.00 pm - 6.00 pm; Saturday  9.00 am-12.00 am,+39 055 4496235/357,+39 055 4496235/357,urp@comune.sesto-fiorentino.fi.it,lun- ven 8.30-13.30; mart e giov anche 15-18; sab 9-12,false,,,+39 055 4496224,+39 055 4496224
ASSOCIAZIONE TURISTICA PRO SESTO (PRO LOCO),ASSOCIAZIONE TURISTICA PRO SESTO (PRO LOCO),ASSOCIAZIONE TURISTICA PRO SESTO (PRO LOCO),TOURIST OFFICE SESTO (PRO LOCO),www.prolocosestofiorentino.it,Sesto Fiorentino,Via Veronelli,2,43.834930,11.207550,solo contatti per email,email only,"Da Firenze stazione Santa Maria Novella autobus Ataf numero 2 e 28, capolinea lato  Palazzo dei Congressi","From Florence station Santa Maria Novella Ataf bus number 2 and 28, terminal on the side of the Congress Center",,Not open to the public. Email only,,,info@prolocosestofiorentino.it,Non hanno orario al pubblico. Solo contatti per e-mail.,false,,,,
PRO LOCO SIGNA,PRO LOCO SIGNA,PRO LOCO SIGNA,PRO LOCO SIGNA,http://www.prolocosigna.it/,Signa,Piazza Stazione,1,43.775780,11.095840,"Da segnalare a Signa la Chiesa di San Giovanni Battista con Museo di Arte Sacra.
All'interno della chiesa si trovano opere della Bottega dei Da Maiano e Andrea Della Robbia (XVI∞ sec.)","You can find in Signa San Giovanni Battista Church with Sacred Art Museum.
Inside the church you can see artworks of Bottega Da Maiano and Andrea Della Robbia (16th century)",Da Firenze in treno direzione Empoli - Pisa,By train from Florence direction Empoli - Pisa,Apertura stagionale,"Timetable of Tourist Office Pro Loco Signa  is the following from Febr 5 to March 31:
Tue- Fri h 15.30 / 19.30; 
Sat h 9.30 / 13.30; 
Sun and Mon closed",+39 055 8790183,+39 055 8790183,info@prolocosigna.it,"L'orario del Punto Informazione Turistica della Pro Loco Signa e' il seguente dal 5 febbraio al 31 marzo: 
dal martedi' al venerdi' dalle 15.30 alle 19.30; sabato: dalle 9.30 alle 13.30;
domenica e lunedi': chiuso",false,,,,
UFFICIO TURISTICO TAVARNELLE VAL DI PESA,TOURIST OFFICE TAVARNELLE VAL DI PESA,Ufficio Turistico Tavarnelle Val di Pesa,Tourist Office Tavarnelle Val di Pesa,www.tavarnellechiantidavivere.it,Tavarnelle Val di Pesa,Piazza Matteotti,,43.560890,11.172760,"Durante l'orario di chiusura, rivolgersi a Ufficio Informazioni Turistiche S.Donato in Poggio, via del Giglio 31 Tel. +39 055 8072338","During closure time pls refer to S.Donato in Poggio Tourist Office, via del Giglio 31 Tel. +39 055 8072338","Tavarnelle e' collegata a Firenze tramite BUSITALIA ( linee 368-370 e 371-372 ).
L'autostazione a Firenze si trova in Via Santa Caterina da Siena, accanto alla stazione ferroviaria Santa Maria Novella","Tavarnelle is connected to Florence through  BUSITALIA bus lines 368-370 and 371-372.
The bus station in Florence is in Via Santa Caterina da Siena, aside the railway station Santa Maria Novella",Aperto tutto l'anno,"Wintertime  November 1st - March 31
Monday  h 9-12.30
Thursday h 9-12.30

Summertime April 1st - October 31
Mo, Fri, Sat 9-12.30/ 16-19
Tue, Wed, Thur 9-12.30
Sunday 9.30-12.30",+ 39 055 8077832,+ 39 055 8077832,info@tavarnellechiantidavivere.it,"Orario invernale 1∞ Novembre - 31 Marzo 
lunedi'   9-12.30
giovedi'  9-12.30

Orario estivo 1∞ aprile - 31 ottobre
lunedi', venerdi', sabato 9-12.30/ 16-19
martedi', mercoledi', giovedi' 9-12.30
domenica 9.30-12.30",false,,,+ 39 055 8077832,+ 39 055 8077832
ASSOCIAZIONE TURISTICA PRO LOCO SAN DONATO IN POGGIO,TOURIST ASSOCIATION PRO LOCO SAN DONATO IN POGGIO,ASSOCIAZIONE TURISTICA PRO LOCO SAN DONATO IN POGGIO,TOURIST ASSOCIATION PRO LOCO SAN DONATO IN POGGIO,www.sandonatoinpoggio.it,Tavarnelle Val di Pesa,VIA DEL GIGLIO,47,43.535573,11.234793,,,Ci sono alcuni collegamenti autobus da Tavarnelle Val di Pesa,There are a few bus connections from Tavarnelle Val di Pesa,Apertura stagionale,"Timetable:

1/4 - 31/10: Mon Sat 9.00-12.30 - 16.00-19.00 
Sund and holidays 9.30-12.30

1/11 - 30/3: Tue16.00-18.00 Thu 10.00-12.00",+39 055 8072338,+39 055 8072338,info@sandonatoinpoggio.it,"Orario di apertura:

Dal 1∞ aprile al 31 ottobre: dal lunedi a sabato 9.00-12.30 - 16.00-19.00 domenica e festivi 9.30-12.30

Dal 1∞ novembre al 30 marzo: martedi 16.00-18.00 giovedi 10.00-12.00",false,,,+39 055 8072338,+39 055 8072338
BIBLIOTECA COMUNALE VAGLIA,PUBLIC LIBRARY VAGLIA,BIBLIOTECA COMUNALE VAGLIA,PUBLIC LIBRARY VAGLIA,www.comune.vaglia.fi.it,Vaglia,Piazza Demidoff,54,43.862290,11.301600,"Si segnala il vicino Parco di Pratolino - Villa Demidoff, divenuto dal 2013 patrimonio UNESCO","Nearby you can find Pratolino Park - Villa Demidoff, from 2013  UNESCO heritage","Da Firenze:
- Fino a Pratolino bus urbano Ataf n. 25A da Via La Pira (pressi Piazza San Marco)
- Bus extraurbano BuSITAlia, partenza terminal Sita in Via Santa Caterina da Siena (Stazione Santa Maria Novella),
per orari e percorsi vedere corse contraddistinte dal numero 302 e 307 che transitano per Pratolino
- Bus extraurbano CAP, partenze Largo F.lli Alinari (pressi Stazione Santa Maria Novella)","From Florence:
- Until Pratolino urban bus  Ataf n. 25A from Via La Pira (nearby Piazza San Marco)
- BuSITAlia bus service, departure from Via Santa Caterina da Siena (Santa Maria Novella Railway station),
pls see itinerary and timetable for lines 302 and 307, through Pratolino
- CAP bus service, departure from Largo F.lli Alinari (aside Santa Maria Novella Railway station)",Aperto tutto l'anno,"Monday, Tuesday, Wednesady, Friday: 3 pm - 7.00 pm; Thursday: 9.00 am - 1.00 pm /3.00 pm - 7.00 pm; Saturday: 9.00 am - 1.00 pm",+39 055 409537,+39 055 409537,biblio@comune.vaglia.firenze.it,"Orario: lunedi', martedi', mercoledi', venerdi' 15-19; giovedi' 9-13 e15-19; sabato 9-13.",false,,,+39 055 409784,+39 055 409784
Ufficio informazioni turistiche Vicchio,Tourist information office Vicchio,Ufficio informazioni turistiche Vicchio,Tourist information office Vicchio,www.prolocovicchio.org,Vicchio,PIAZZA DELLA VITTORIA,4,43.933797,11.465144,"Vicchio e' la patria di due fra i piu' straordinari artisti di tutti i tempi, Giotto e Beato Angelico.
Per la visita turistica si segnalano la Casa di Giotto a Vespignano, il Museo di Arte Sacra Beato Angelico e la Casa di Benvenuto Cellini, che qui soggiorno' un periodo della sua vita","Vicchio gave birth to two of the most extraordinary artists of all times, Giotto and Beato Angelico.
For the visit you can find the House of Giotto in Vespignano, the Museum of Sacred Art Beato Angelico and the House of Benvenuto Cellini, who stayed here a period of his life",Da Firenze Vicchio si puo' raggiungere sia in treno che con servizio di autobus AMV linea 307,From Florence you can reach Vicchio by train or by bus service  AMV nr. 307 line,Apertura stagionale,"Sat 9am-1pm
Sun 10am-1pm
During MAZE fair (end of August) every day 7pm-11pm",+39 055 8448720,+39 055 8448720,info@prolocovicchio.org,"Sabato 9-13; domenica 10-13
Durante il MAZE (fine agosto) ogni giorno 19-23",false,,,,
URP COMUNE VICCHIO,Public Relation Office of the Municipality VICCHIO,URP COMUNE VICCHIO,Public Relation Office of the Municipality VICCHIO,www.comune.vicchio.fi.it,Vicchio,Via Garibaldi,1,43.933550,11.465310,"Vicchio e' la patria di due fra i piu' straordinari artisti di tutti i tempi, Giotto e Beato Angelico.
Per la visita turistica si segnalano la Casa di Giotto a Vespignano, il Museo di Arte Sacra Beato Angelico e la Casa di Benvenuto Cellini, che qui soggiorno' un periodo della sua vita","Vicchio gave birth to two of the most extraordinary artists of all times, Giotto and Beato Angelico.
For the visit you can find the House of Giotto in Vespignano, the Museum of Sacred Art Beato Angelico and the House of Benvenuto Cellini, who stayed here a period of his life",Da Firenze Vicchio si puo' raggiungere sia in treno che con servizio di autobus AMV linea 307,From Florence you can reach Vicchio by train or by bus service  AMV nr. 307 line,Aperto tutto l'anno,"Tue h 8:30 - 12:30

Thu h 8:30 - 12:30 / h 14:30 - 18:20

Sat h 8:30 - 12:30
(by appointment)",+39 055 843921,+39 055 843921,urp@comune.vicchio.fi.it,"MARTEDI' dalle ore 8:30 alle 12:30

GIOVEDI' dalle ore 8:30 alle 12:30 e dalle 14:30 alle 18:20

SABATO dalle ore 8:30 alle ore 12:30 
(su appuntamento)",false,,,+39 055 844275,+39 055 844275
5 - Centro Visite del Parco delle Cascine,5 - Visitor Centre of the Cascine Park,5 - Centro Visite del Parco delle Cascine,5 - Visitor Centre of the Cascine Park,http://parcodellecascine.comune.fi.it/index.html,Firenze,PIAZZALE DELLE CASCINE,,43.782196,11.220101,,,Da Piazza Stazione: bus 17C direzione Piazzale del Re oppure Tramvia T1 direzione Villa Costanza,From Piazza Stazione: bus 17C direction Cascine or Tram T1 direction Villa Costanza,Aperto tutto l'anno,"Friday 10am-4pm
Saturday and Sunday 10am-5pm.
Closed: Monday-Thursday.",+ 39 055 2768806,+ 39 055 2768806,centrovisitedelparco@comune.fi.it,"venerdi' 10-16
sabato e domenica 10-17.
Lunedi'-giovedi': chiuso.",false,,,,
UFFICIO INFORMAZIONI TURISTICHE REGGELLO-CAPOLUOGO,TOURIST OFFICE REGGELLO-CHIEF TOWN,UFFICIO INFORMAZIONI TURISTICHE REGGELLO - CAPOLUOGO,TOURIST OFFICE REGGELLO,,Reggello,VIA PIETRO CARNESECCHI,,43.682651,11.536298,Nella vicina Cascia da visitare la famosa Pieve,Nearby in Cascia you can visit the famous Parish Church,"Da Firenze sulla tratta Roma-Firenze la stazione ferroviaria piu' vicina e' Rignano Sull'Arno-Reggello, si prosegue poi  in autobus con le autolinee A.C.V."" (Autolinee Chianti Valdarno)""","From Florence in direction Rome the nearest train station is Rignano Sull'Arno-Reggello, then going on by  A.C.V."" (Autolinee Chianti Valdarno) bus""",Apertura stagionale,"Opening June 6 
Closure September 27, 2014

Timetable until June 26 and September:
10,30 - 12,30

Timetable from June 26 + July and August:
Mo-Sat
10,30 - 12,30  
17,00 - 19,00",+39 333 2871467,+39 333 2871467,informazionituristiche@comune.reggello.fi.it,"Apertura 06 giugno Chiusura 27 settembre  2014

Orario FINO AL 26 GIUGNO E SETTEMBRE:
dal lunedi' al sabato                    ore   10,30 - 12,30

Orario DAL 27 GIUGNO+LUGLIO E AGOSTO:
dal lunedi' al  sabato 			 ore   10,30 - 12,30  E 17,00 - 19,00",false,,,,
PRO LOCO SAN PIERO A SIEVE,LOCAL TOURIST OFFICE SAN PIERO A SIEVE,PRO LOCO SAN PIERO A SIEVE,LOCAL TOURIST OFFICE SAN PIERO A SIEVE,http://www.prolocosanpieroasieve.it,San Piero a Sieve,VIA PIETRO CIPRIANI,8,43.964479,11.324022,"Pare che la famiglia dei Medici abbia avuto origine nel Mugello; a San Piero a Sieve si trova uno dei loro edifici, il Castello del Trebbio","It seems that the Medici family has origin in Mugello; in San Piero a Sieve you can find one of their villas, Castello del Trebbio","Da Firenze ci sono ottimi collegamenti autobus con San Piero a Sieve, gestiti da tre compagnie:
- Autolinee Cap
- Autolinee Sita
- Autolinee Florentia Bus","From Florence you can find very good bus connections to San Piero a Sieve by three bus companies:
- Autolinee Cap 
- Autolinee Sita 
- Autolinee Florentia Bus",,,+39 055 8487241,+39 055 8487241,prolocosanpieroasieve@gmail.com,,false,,,+39 055 8487241,+39 055 8487241
PRO LOCO BORGO SAN LORENZO,LOCAL TOURIST OFFICE BORGO SAN LORENZO,PRO LOCO BORGO SAN LORENZO,LOCAL TOURIST OFFICE BORGO SAN LORENZO,,Borgo San Lorenzo,VIA FAENTINA,7,44.002710,11.427853,,,,,,,,,prolocobsl@gmail.com,,false,,,+39 055 8454342,+39 055 8454342
PRO-LOCO RONTA,PRO-LOCO RONTA,PRO-LOCO RONTA,LOCAL TOURIST OFFICE RONTA,www.prolocoronta.it,Borgo San Lorenzo,VIA PIO LA TORRE,,44.006719,11.433336,"Ronta e' una localita'† turistica che si trova nel comune di Borgo San Lorenzo ed e' situata ai piedi della catena degli Appennini.
In zona si trova la Chiesa di San Michele, che custodisce pale del Seicento e del Settecento.","Ronta is a tourist resort in the municipality Borgo San Lorenzo and it is situated at the foot of the Apennines.
Nearby you can find San Michele Church, with paintings of the XVII th and XVIII th centuries.",Da Firenze si puo' arrivare a Ronta con il treno o con le Autolinee Mugello Valdisieve in direzione Palazzuolo sul Senio (linea 307) dall'autostazione Busitalia in Via Santa Caterina da Siena (adiacente stazione centrale),From Florence you can reach Ronta by train  or by Autolinee Mugello Valdisieve bus direction Palazzuolo sul Senio ( 307 line bus) from Busitalia station in Via Santa Caterina da Siena (next to the central station),,,+39 055 8403497,+39 055 8403497,info@prolocoronta.it,,false,,,,
ASSOCIAZIONE PROLOCO VALLE DELL'ARNO DI FIESOLE,TOURIST UNION VALLE DELL'ARNO DI FIESOLE,ASSOCIAZIONE PROLOCO VALLE DELL'ARNO DI FIESOLE,ARNO VALLEY FIESOLE LOCAL TOURIST OFFICE,,Fiesole,VIA ROMENA,1,43.784329,11.359060,,,,,,,+39 055 6593965,+39 055 6593965,,,false,,,,
ASSOCIAZIONE PROLOCO MONTESPERTOLI,TOURIST UNION MONTESPERTOLI,ASSOCIAZIONE PROLOCO MONTESPERTOLI,TOURIST UNION MONTESPERTOLI,http://www.prolocomontespertoli.it/,Montespertoli,VIA SIDNEY SONNINO,21,43.644194,11.076771,Da visitare a Montespertoli la Pieve San Piero in Mercato con il Museo di Arte Sacra e il Museo della Vite e del Vino,Places to visit in Montespertoli are the parish church San Piero in Mercato wich houses the Museum of Sacred Art and the Vine and Wine Museum,Collegamento con Firenze con l'autobus BuSITAlia da Via Santa Caterina da Siena 15/r (angolo Piazza Stazione Santa Maria Novella),Bus connection to Florence by BuSITAlia from Via Santa Caterina da Siena 15/r (at the corner station square Santa Maria Novella),,,,,info@prolocomontespertoli.it,,false,,,,
PRO LOCO PELAGO,TOURIST UNION PELAGO,PRO LOCO PELAGO,TOURIST UNION PELAGO,www.prolocopelago.it,Pelago,PIAZZA GHIBERTI,,43.770539,11.505475,Nel centro storico di Pelago si puo' visitare la duecentesca Pieve di San Clemente che comprende la Raccolta di Arte Sacra,"You can visit the XIII th century parish church  San Clemente, housing a collection of Sacred Art",Da Firenze con autobus di linea BuSITAlia,From Florence bus line BuSITAlia,,,+39 335 8051553,+39 335 8051553,info@prolocopelago.it,,false,,,,
PRO LOCO PONTASSIEVE,TOURIST UNION PONTASSIEVE,PRO LOCO PONTASSIEVE,TOURIST UNION PONTASSIEVE,,Pontassieve,VIA GHIBERTI,113,43.777697,11.443039,"Nei dintorni di Pontassieve si trovano le pievi di San Giovanni Battista a Remole, di San Martino a Lobaco e il Santuario della Madonna del Sasso, risalente al 1600","Near Pontassieve you can find the parish churches San Giovanni Battista in Remole, San Martino in  Lobaco and the XVII th century  Madonna del Sasso sanctuary",Con il treno o autobus di linea BuSITAlia,By train or BuSITAlia bus line,,,+39 055 8323103,+39 055 8323103,proloco.pontassieve@gmail.it,,false,,,+39 055 8325105,+39 055 8325105
PRO LOCO VINCI,TOURIST UNION VINCI,PRO LOCO VINCI,TOURIST UNION VINCI,http://www.prolocovinci.com,Vinci,VIA DELLA TORRE,5,43.787914,10.927296,"Vinci e' la citta'† natale di Leonardo, il piu' grande genio universale di tutti i tempi e di tutti i luoghi","Vinci is birthplace of Leonardo, the greatest universal genius of all times and every place on the earth","Da Firenze in treno fino ad Empoli (direzione Pisa-Livorno), da qui collegamenti autobus tra i Comuni Terre del Rinascimento","From Florence by train until Empoli (direction  Pisa-Livorno), from here bus connections among Terre del Rinascimento",,,+39 0571 568012,+39 0571 568012,info@prolocovinci.com,,false,,,,
