"   ";"ID_UNITAPRODUTTIVA";"INVIANTE";"AZIENDA";"AZIENDA_NEW";"CODICE_STRUTTURA";"STRUTTURA";"CODICE_AREA";"AREA";"CODICE_SPECIALITA";"SUBCODICE_SPECIALITA";"PROGRESSIVO_UO";"DESCRIZIONE";"DESCRIZIONE_AZIENDALE";"PROGRESSIVO_UP";"ID_ATTIVITA";"ATTIVITA";"SEDE";"STRUTTURA_RIFERIMENTO";"COMUNE";"INDIRIZZO";"NATURA";"ATTIVAZIONE";"CHIUSURA";"MATRICOLA";"ID_UNITAOPERATIVA";"IDSTRUTTURA";"TIPO"
"1";"6710";"601";"201";"201";"010601-00";"CLINICA PINNA PINTOR SRL";"01";"Area medica";"08";"0";"01";"Cardiologia";"Ricoveri ordinari";"01";"30110";"Ricoveri ordinari";"CLINICA PINNA PINTOR";"";"TORINO";"VIA VESPUCCI AMERIGO 61  ";"PRIVATA";"01/01/1988";"";"19763";"4607";"1534";"R"
"2";"6712";"601";"201";"201";"010601-00";"CLINICA PINNA PINTOR SRL";"01";"Area medica";"26";"0";"01";"Medicina generale";"Ricoveri ordinari";"01";"30110";"Ricoveri ordinari";"CLINICA PINNA PINTOR";"";"TORINO";"VIA VESPUCCI AMERIGO 61  ";"PRIVATA";"01/01/1988";"";"19767";"4609";"1534";"R"
"3";"6718";"601";"201";"201";"010601-00";"CLINICA PINNA PINTOR SRL";"01";"Area medica";"64";"0";"01";"Oncologia";"Ricoveri ordinari ";"01";"30110";"Ricoveri ordinari";"CLINICA PINNA PINTOR";"";"TORINO";"VIA VESPUCCI AMERIGO 61  ";"PRIVATA";"01/01/1998";"";"19775";"4615";"1534";"R"
"4";"6709";"601";"201";"201";"010601-00";"CLINICA PINNA PINTOR SRL";"02";"Area chirurgica";"07";"0";"01";"Cardiochirurgia";"Ricoveri ordinari";"01";"30110";"Ricoveri ordinari";"CLINICA PINNA PINTOR";"";"TORINO";"VIA VESPUCCI AMERIGO 61  ";"PRIVATA";"01/01/1988";"";"19779";"4606";"1534";"R"
"5";"6711";"601";"201";"201";"010601-00";"CLINICA PINNA PINTOR SRL";"02";"Area chirurgica";"09";"0";"01";"Chirurgia generale";"Ricoveri ordinari";"01";"30110";"Ricoveri ordinari";"CLINICA PINNA PINTOR";"";"TORINO";"VIA VESPUCCI AMERIGO 61  ";"PRIVATA";"01/01/1988";"";"19787";"4608";"1534";"R"
"6";"6862";"601";"201";"201";"010601-00";"CLINICA PINNA PINTOR SRL";"02";"Area chirurgica";"14";"0";"01";"Chirurgia vascolare";"Ricoveri ordinari";"01";"30110";"Ricoveri ordinari";"CLINICA PINNA PINTOR";"";"TORINO";"VIA VESPUCCI AMERIGO 61  ";"PRIVATA";"14/02/2000";"";"19790";"4760";"1534";"R"
"7";"6713";"601";"201";"201";"010601-00";"CLINICA PINNA PINTOR SRL";"02";"Area chirurgica";"34";"0";"01";"Oculistica";"Ricoveri ordinari";"01";"30110";"Ricoveri ordinari";"CLINICA PINNA PINTOR";"";"TORINO";"VIA VESPUCCI AMERIGO 61  ";"PRIVATA";"01/01/1988";"";"19795";"4610";"1534";"R"
"8";"6714";"601";"201";"201";"010601-00";"CLINICA PINNA PINTOR SRL";"02";"Area chirurgica";"36";"0";"01";"Ortopedia e traumatologia";"Ricoveri ordinari";"01";"30110";"Ricoveri ordinari";"CLINICA PINNA PINTOR";"";"TORINO";"VIA VESPUCCI AMERIGO 61  ";"PRIVATA";"01/01/1988";"";"19802";"4611";"1534";"R"
"9";"6716";"601";"201";"201";"010601-00";"CLINICA PINNA PINTOR SRL";"02";"Area chirurgica";"38";"0";"01";"Otorinolaringoiatria";"Ricoveri ordinari";"01";"30110";"Ricoveri ordinari";"CLINICA PINNA PINTOR";"";"TORINO";"VIA VESPUCCI AMERIGO 61  ";"PRIVATA";"01/01/1988";"";"19814";"4613";"1534";"R"
"10";"6717";"601";"201";"201";"010601-00";"CLINICA PINNA PINTOR SRL";"02";"Area chirurgica";"43";"0";"01";"Urologia";"Ricoveri ordinari";"01";"30110";"Ricoveri ordinari";"CLINICA PINNA PINTOR";"";"TORINO";"VIA VESPUCCI AMERIGO 61  ";"PRIVATA";"01/01/1988";"";"19821";"4614";"1534";"R"
"11";"6715";"601";"201";"201";"010601-00";"CLINICA PINNA PINTOR SRL";"03";"Area materno-infantile";"37";"0";"01";"Ostetricia e ginecologia";"Ricoveri ordinari";"01";"30110";"Ricoveri ordinari";"CLINICA PINNA PINTOR";"";"TORINO";"VIA VESPUCCI AMERIGO 61  ";"PRIVATA";"01/01/1988";"";"19825";"4612";"1534";"R"
"12";"6726";"603";"201";"201";"010603-00";"CLINICA SANTA CATERINA DA SIENA S.R.L.  ";"02";"Area chirurgica";"09";"0";"01";"Chirurgia generale";"Ricoveri ordinari";"01";"30110";"Ricoveri ordinari";"CASA DI CURA SANTA CATERINA DA SIENA";"";"TORINO";"VIA VILLA DELLA REGINA 19  ";"PRIVATA";"01/01/1988";"";"19786";"4623";"1536";"R"
"13";"6954";"603";"201";"201";"010603-00";"CLINICA SANTA CATERINA DA SIENA S.R.L.  ";"02";"Area chirurgica";"12";"0";"01";"Chirurgia plastica";"Ricoveri ordinari";"01";"30110";"Ricoveri ordinari";"CASA DI CURA SANTA CATERINA DA SIENA";"";"TORINO";"VIA VILLA DELLA REGINA 19  ";"PRIVATA";"02/02/2004";"";"19789";"4847";"1536";"R"
"14";"6728";"603";"201";"201";"010603-00";"CLINICA SANTA CATERINA DA SIENA S.R.L.  ";"02";"Area chirurgica";"34";"0";"01";"Oculistica";"Ricoveri ordinari";"01";"30110";"Ricoveri ordinari";"CASA DI CURA SANTA CATERINA DA SIENA";"";"TORINO";"VIA VILLA DELLA REGINA 19  ";"PRIVATA";"01/01/1988";"";"19800";"4625";"1536";"R"
"15";"6729";"603";"201";"201";"010603-00";"CLINICA SANTA CATERINA DA SIENA S.R.L.  ";"02";"Area chirurgica";"36";"0";"01";"Ortopedia e traumatologia";"Ricoveri ordinari";"01";"30110";"Ricoveri ordinari";"CASA DI CURA SANTA CATERINA DA SIENA";"";"TORINO";"VIA VILLA DELLA REGINA 19  ";"PRIVATA";"01/01/1988";"";"19803";"4626";"1536";"R"
"16";"6731";"603";"201";"201";"010603-00";"CLINICA SANTA CATERINA DA SIENA S.R.L.  ";"02";"Area chirurgica";"38";"0";"01";"Otorinolaringoiatria";"Ricoveri ordinari";"01";"30110";"Ricoveri ordinari";"CASA DI CURA SANTA CATERINA DA SIENA";"";"TORINO";"VIA VILLA DELLA REGINA 19  ";"PRIVATA";"01/01/1988";"";"19813";"4628";"1536";"R"
"17";"6732";"603";"201";"201";"010603-00";"CLINICA SANTA CATERINA DA SIENA S.R.L.  ";"02";"Area chirurgica";"43";"0";"01";"Urologia";"Ricoveri ordinari";"01";"30110";"Ricoveri ordinari";"CASA DI CURA SANTA CATERINA DA SIENA";"";"TORINO";"VIA VILLA DELLA REGINA 19  ";"PRIVATA";"01/01/1988";"";"19819";"4629";"1536";"R"
"18";"6734";"604";"201";"201";"010604-00";"SEDES SAPIENTIAE SRL";"01";"Area medica";"26";"0";"01";"Medicina generale";"Ricoveri ordinari";"01";"30110";"Ricoveri ordinari";"CASA DI CURA ""SEDES SAPIENTIAE""";"";"TORINO";"VIA BIDONE GIORGIO 31  ";"PRIVATA";"01/01/1998";"";"19770";"4631";"1537";"R"
"19";"6733";"604";"201";"201";"010604-00";"SEDES SAPIENTIAE SRL";"02";"Area chirurgica";"09";"0";"01";"Chirurgia generale";"Ricoveri ordinari";"01";"30110";"Ricoveri ordinari";"CASA DI CURA ""SEDES SAPIENTIAE""";"";"TORINO";"VIA BIDONE GIORGIO 31  ";"PRIVATA";"01/01/1998";"";"19784";"4630";"1537";"R"
"20";"6869";"604";"201";"201";"010604-00";"SEDES SAPIENTIAE SRL";"02";"Area chirurgica";"12";"0";"01";"Chirurgia plastica";"Ricoveri ordinari";"01";"30110";"Ricoveri ordinari";"CASA DI CURA ""SEDES SAPIENTIAE""";"";"TORINO";"VIA BIDONE GIORGIO 31  ";"PRIVATA";"01/01/1998";"";"19788";"4767";"1537";"R"
"21";"6735";"604";"201";"201";"010604-00";"SEDES SAPIENTIAE SRL";"02";"Area chirurgica";"34";"0";"01";"Oculistica";"Ricoveri ordinari";"01";"30110";"Ricoveri ordinari";"CASA DI CURA ""SEDES SAPIENTIAE""";"";"TORINO";"VIA BIDONE GIORGIO 31  ";"PRIVATA";"01/01/1998";"";"19799";"4632";"1537";"R"
"22";"6736";"604";"201";"201";"010604-00";"SEDES SAPIENTIAE SRL";"02";"Area chirurgica";"36";"0";"01";"Ortopedia e traumatologia";"Ricoveri ordinari";"01";"30110";"Ricoveri ordinari";"CASA DI CURA ""SEDES SAPIENTIAE""";"";"TORINO";"VIA BIDONE GIORGIO 31  ";"PRIVATA";"01/01/1998";"";"19806";"4633";"1537";"R"
"23";"6738";"604";"201";"201";"010604-00";"SEDES SAPIENTIAE SRL";"02";"Area chirurgica";"38";"0";"01";"Otorinolaringoiatria";"Ricoveri ordinari";"01";"30110";"Ricoveri ordinari";"CASA DI CURA ""SEDES SAPIENTIAE""";"";"TORINO";"VIA BIDONE GIORGIO 31  ";"PRIVATA";"01/01/1998";"";"19811";"4635";"1537";"R"
"24";"6739";"604";"201";"201";"010604-00";"SEDES SAPIENTIAE SRL";"02";"Area chirurgica";"43";"0";"01";"Urologia";"Ricoveri ordinari";"01";"30110";"Ricoveri ordinari";"CASA DI CURA ""SEDES SAPIENTIAE""";"";"TORINO";"VIA BIDONE GIORGIO 31  ";"PRIVATA";"01/01/1998";"";"19818";"4636";"1537";"R"
"25";"6737";"604";"201";"201";"010604-00";"SEDES SAPIENTIAE SRL";"03";"Area materno-infantile";"37";"0";"01";"Ostetricia e ginecologia";"Ricoveri ordinari";"01";"30110";"Ricoveri ordinari";"CASA DI CURA ""SEDES SAPIENTIAE""";"";"TORINO";"VIA BIDONE GIORGIO 31  ";"PRIVATA";"01/01/1998";"";"19823";"4634";"1537";"R"
"26";"6654";"610";"201";"201";"010610-00";"CASA DI CURA FORNACA DISESSANT";"01";"Area medica";"26";"0";"01";"Medicina generale";"Ricoveri ordinari";"01";"30110";"Ricoveri ordinari";"CASA DI CURA FORNACA DISESSANT";"";"TORINO";"CORSO VITTORIO EMANUELE II 91  ";"PRIVATA";"01/01/1984";"";"19772";"4560";"1538";"R"
"27";"6870";"610";"201";"201";"010610-00";"CASA DI CURA FORNACA DISESSANT";"01";"Area medica";"64";"0";"01";"Oncologia";"Ricoveri ordinari";"01";"30110";"Ricoveri ordinari";"CASA DI CURA FORNACA DISESSANT";"";"TORINO";"CORSO VITTORIO EMANUELE II 91  ";"PRIVATA";"16/01/1990";"";"19777";"4768";"1538";"R"
"28";"6653";"610";"201";"201";"010610-00";"CASA DI CURA FORNACA DISESSANT";"02";"Area chirurgica";"09";"0";"01";"Chirurgia generale";"Ricoveri ordinari";"01";"30110";"Ricoveri ordinari";"CASA DI CURA FORNACA DISESSANT";"";"TORINO";"CORSO VITTORIO EMANUELE II 91  ";"PRIVATA";"01/01/1984";"";"19782";"4559";"1538";"R"
"29";"6656";"610";"201";"201";"010610-00";"CASA DI CURA FORNACA DISESSANT";"02";"Area chirurgica";"36";"0";"01";"Ortopedia e traumatologia";"Ricoveri ordinari";"01";"30110";"Ricoveri ordinari";"CASA DI CURA FORNACA DISESSANT";"";"TORINO";"CORSO VITTORIO EMANUELE II 91  ";"PRIVATA";"01/01/1984";"";"19801";"4562";"1538";"R"
"30";"6658";"610";"201";"201";"010610-00";"CASA DI CURA FORNACA DISESSANT";"02";"Area chirurgica";"38";"0";"01";"Otorinolaringoiatria";"Ricoveri ordinari";"01";"30110";"Ricoveri ordinari";"CASA DI CURA FORNACA DISESSANT";"";"TORINO";"CORSO VITTORIO EMANUELE II 91  ";"PRIVATA";"01/01/1984";"";"19808";"4564";"1538";"R"
"31";"6659";"610";"201";"201";"010610-00";"CASA DI CURA FORNACA DISESSANT";"02";"Area chirurgica";"43";"0";"01";"Urologia";"Ricoveri ordinari";"01";"30110";"Ricoveri ordinari";"CASA DI CURA FORNACA DISESSANT";"";"TORINO";"CORSO VITTORIO EMANUELE II 91  ";"PRIVATA";"01/01/1984";"";"19815";"4565";"1538";"R"
"32";"6657";"610";"201";"201";"010610-00";"CASA DI CURA FORNACA DISESSANT";"03";"Area materno-infantile";"37";"0";"01";"Ostetricia e ginecologia";"Ricoveri ordinari";"01";"30110";"Ricoveri ordinari";"CASA DI CURA FORNACA DISESSANT";"";"TORINO";"CORSO VITTORIO EMANUELE II 91  ";"PRIVATA";"01/01/1984";"";"19822";"4563";"1538";"R"
"33";"6675";"612";"201";"201";"010612-00";"CASA DI CURA KOELLIKER OSPEDALINO";"01";"Area medica";"26";"0";"01";"Medicina generale";"Ricoveri ordinari";"01";"30110";"Ricoveri ordinari";"CASA DI CURA  KOELLIKER OSPEDALINO";"";"TORINO";"CORSO FERRARIS GALILEO 255 ";"PRIVATA";"01/01/1988";"";"19878";"4578";"1545";"R"
"34";"6676";"612";"201";"201";"010612-00";"CASA DI CURA KOELLIKER OSPEDALINO";"01";"Area medica";"32";"0";"01";"Neurologia";"Ricoveri ordinari";"01";"30110";"Ricoveri ordinari";"CASA DI CURA  KOELLIKER OSPEDALINO";"";"TORINO";"CORSO FERRARIS GALILEO 255 ";"PRIVATA";"01/12/1997";"";"19880";"4579";"1545";"R"
"35";"6674";"612";"201";"201";"010612-00";"CASA DI CURA KOELLIKER OSPEDALINO";"02";"Area chirurgica";"09";"0";"01";"Chirurgia generale";"DH chirurgico";"01";"30120";"DH chirurgico ";"CASA DI CURA  KOELLIKER OSPEDALINO";"";"TORINO";"CORSO FERRARIS GALILEO 255 ";"PRIVATA";"29/12/2001";"";"19885";"4576";"1545";"R"
"36";"6673";"612";"201";"201";"010612-00";"CASA DI CURA KOELLIKER OSPEDALINO";"02";"Area chirurgica";"09";"0";"01";"Chirurgia generale";"Ricoveri ordinari";"01";"30110";"Ricoveri ordinari";"CASA DI CURA  KOELLIKER OSPEDALINO";"";"TORINO";"CORSO FERRARIS GALILEO 255 ";"PRIVATA";"01/01/1988";"";"19883";"4576";"1545";"R"
"37";"6678";"612";"201";"201";"010612-00";"CASA DI CURA KOELLIKER OSPEDALINO";"02";"Area chirurgica";"34";"0";"01";"Oculistica";"Ricoveri ordinari";"01";"30110";"Ricoveri ordinari";"CASA DI CURA  KOELLIKER OSPEDALINO";"";"TORINO";"CORSO FERRARIS GALILEO 255 ";"PRIVATA";"01/01/1988";"";"19886";"4581";"1545";"R"
"38";"6681";"612";"201";"201";"010612-00";"CASA DI CURA KOELLIKER OSPEDALINO";"02";"Area chirurgica";"36";"0";"01";"Ortopedia e traumatologia";"DH chirurgico";"01";"30120";"DH chirurgico ";"CASA DI CURA  KOELLIKER OSPEDALINO";"";"TORINO";"CORSO FERRARIS GALILEO 255 ";"PRIVATA";"29/12/2001";"";"19890";"4582";"1545";"R"
"39";"6680";"612";"201";"201";"010612-00";"CASA DI CURA KOELLIKER OSPEDALINO";"02";"Area chirurgica";"36";"0";"01";"Ortopedia e traumatologia";"Ricoveri ordinari";"01";"30110";"Ricoveri ordinari";"CASA DI CURA  KOELLIKER OSPEDALINO";"";"TORINO";"CORSO FERRARIS GALILEO 255 ";"PRIVATA";"01/01/1988";"";"19889";"4582";"1545";"R"
"40";"6683";"612";"201";"201";"010612-00";"CASA DI CURA KOELLIKER OSPEDALINO";"02";"Area chirurgica";"38";"0";"01";"Otorinolaringoiatria";"DH chirurgico";"01";"30120";"DH chirurgico ";"CASA DI CURA  KOELLIKER OSPEDALINO";"";"TORINO";"CORSO FERRARIS GALILEO 255 ";"PRIVATA";"29/12/2001";"";"19892";"4583";"1545";"R"
"41";"6682";"612";"201";"201";"010612-00";"CASA DI CURA KOELLIKER OSPEDALINO";"02";"Area chirurgica";"38";"0";"01";"Otorinolaringoiatria";"Ricoveri ordinari";"01";"30110";"Ricoveri ordinari";"CASA DI CURA  KOELLIKER OSPEDALINO";"";"TORINO";"CORSO FERRARIS GALILEO 255 ";"PRIVATA";"01/01/1988";"";"19891";"4583";"1545";"R"
"42";"6686";"612";"201";"201";"010612-00";"CASA DI CURA KOELLIKER OSPEDALINO";"02";"Area chirurgica";"43";"0";"01";"Urologia";"DH chirurgico";"01";"30120";"DH chirurgico ";"CASA DI CURA  KOELLIKER OSPEDALINO";"";"TORINO";"CORSO FERRARIS GALILEO 255 ";"PRIVATA";"29/12/2001";"";"19895";"4585";"1545";"R"
"43";"6685";"612";"201";"201";"010612-00";"CASA DI CURA KOELLIKER OSPEDALINO";"02";"Area chirurgica";"43";"0";"01";"Urologia";"Ricoveri ordinari";"01";"30110";"Ricoveri ordinari";"CASA DI CURA  KOELLIKER OSPEDALINO";"";"TORINO";"CORSO FERRARIS GALILEO 255 ";"PRIVATA";"01/01/1988";"";"19894";"4585";"1545";"R"
"44";"21551";"612";"201";"201";"010612-00";"CASA DI CURA KOELLIKER OSPEDALINO";"02";"Area chirurgica";"98";"0";"01";"Day surgery";"DH chirurgico ";"01";"30120";"DH chirurgico ";"CASA DI CURA  KOELLIKER OSPEDALINO";"010612-00";"TORINO";"CORSO FERRARIS GALILEO 255 ";"PRIVATA";"01/10/2007";"";"";"9503";"1545";"R"
"45";"21553";"612";"201";"201";"010612-00";"CASA DI CURA KOELLIKER OSPEDALINO";"03";"Area materno-infantile";"37";"0";"01";"Ginecologia";"DH chirurgico";"01";"30120";"DH chirurgico ";"CASA DI CURA  KOELLIKER OSPEDALINO";"";"TORINO";"CORSO FERRARIS GALILEO 255 ";"PRIVATA";"01/10/2007";"";"22812";"9515";"1545";"R"
"46";"21605";"612";"201";"201";"010612-00";"CASA DI CURA KOELLIKER OSPEDALINO";"03";"Area materno-infantile";"37";"0";"01";"Ginecologia";"Ricoveri ordinari";"01";"30110";"Ricoveri ordinari";"CASA DI CURA  KOELLIKER OSPEDALINO";"";"TORINO";"CORSO FERRARIS GALILEO 255 ";"PRIVATA";"01/10/2007";"";"22882";"9515";"1545";"R"
"47";"23796";"612";"201";"201";"010612-00";"CASA DI CURA KOELLIKER OSPEDALINO";"07";"Area altro supporto ospedaliera";"15";"0";"01";"Poliambulatorio ospedaliero";"Attività clinica";"01";"20501";"Attività clinica";"CASA DI CURA  KOELLIKER OSPEDALINO";"500020";"TORINO";"CORSO FERRARIS GALILEO 255 ";"PRIVATA";"01/01/2009";"";"";"10292";"1545";"S"
"48";"6882";"612";"201";"201";"010612-00";"CASA DI CURA KOELLIKER OSPEDALINO";"08";"Area non acuzie";"56";"1";"20";"Recupero e riabilitazione funzionale";"Ricoveri ordinari";"01";"30110";"Ricoveri ordinari";"CASA DI CURA  KOELLIKER OSPEDALINO";"";"TORINO";"CORSO FERRARIS GALILEO 255 ";"PRIVATA";"20/12/2001";"";"19900";"4780";"1545";"R"
"49";"6911";"653";"201";"201";"010653-00";"PROMEA S.P.A.";"02";"Area chirurgica";"98";"0";"01";"Day surgery multispecialistico";"DH chirurgico";"01";"30120";"DH chirurgico ";"PROMEA S.R.L.";"";"TORINO";"VIA MENABREA FEDERICO 14  ";"PRIVATA";"21/10/2002";"";"";"4808";"3609";"R"
"50";"23784";"653";"201";"201";"010653-00";"PROMEA S.P.A.";"07";"Area altro supporto ospedaliera";"15";"0";"01";"Poliambulatorio ospedaliero";"Attività clinica";"01";"20501";"Attività clinica";"PROMEA S.R.L.";"500112";"TORINO";"VIA MENABREA FEDERICO 14  ";"PRIVATA";"01/01/2009";"";"";"10280";"3609";"S"
"51";"6941";"655";"201";"201";"010655-00";"CASA DI CURA CELLINI";"01";"Area medica";"08";"0";"01";"Cardiologia";"Ricoveri ordinari";"01";"30110";"Ricoveri ordinari";"D.T.R. CELLINI";"";"TORINO";"VIA CELLINI BENVENUTO 5  ";"PRIVATA";"05/05/2003";"";"19765";"4838";"3804";"R"
"52";"6953";"655";"201";"201";"010655-00";"CASA DI CURA CELLINI";"01";"Area medica";"26";"0";"01";"Medicina generale";"Ricoveri ordinari";"01";"30110";"Ricoveri ordinari";"D.T.R. CELLINI";"";"TORINO";"VIA CELLINI BENVENUTO 5  ";"PRIVATA";"05/05/2003";"";"19769";"4846";"3804";"R"
"53";"6951";"655";"201";"201";"010655-00";"CASA DI CURA CELLINI";"01";"Area medica";"64";"0";"01";"Oncologia";"Ricoveri ordinari";"01";"30110";"Ricoveri ordinari";"D.T.R. CELLINI";"";"TORINO";"VIA CELLINI BENVENUTO 5  ";"PRIVATA";"05/05/2003";"";"19776";"4844";"3804";"R"
"54";"6940";"655";"201";"201";"010655-00";"CASA DI CURA CELLINI";"02";"Area chirurgica";"07";"0";"01";"Cardiochirurgia";"Ricoveri ordinari";"01";"30110";"Ricoveri ordinari";"D.T.R. CELLINI";"";"TORINO";"VIA CELLINI BENVENUTO 5  ";"PRIVATA";"05/05/2003";"";"19780";"4837";"3804";"R"
"55";"23273";"655";"201";"201";"010655-00";"CASA DI CURA CELLINI";"02";"Area chirurgica";"09";"0";"01";"Chirurgia generale";"DH chirurgico ";"01";"30120";"DH chirurgico ";"D.T.R. CELLINI";"";"TORINO";"VIA CELLINI BENVENUTO 5  ";"PRIVATA";"05/05/2003";"";"25524";"4845";"3804";"R"
"56";"6952";"655";"201";"201";"010655-00";"CASA DI CURA CELLINI";"02";"Area chirurgica";"09";"0";"01";"Chirurgia generale";"Ricoveri ordinari";"01";"30110";"Ricoveri ordinari";"D.T.R. CELLINI";"";"TORINO";"VIA CELLINI BENVENUTO 5  ";"PRIVATA";"05/05/2003";"";"19785";"4845";"3804";"R"
"57";"23276";"655";"201";"201";"010655-00";"CASA DI CURA CELLINI";"02";"Area chirurgica";"14";"0";"01";"Chirurgia vascolare";"DH chirurgico";"01";"30120";"DH chirurgico ";"D.T.R. CELLINI";"";"TORINO";"VIA CELLINI BENVENUTO 5  ";"PRIVATA";"13/10/2008";"";"25527";"9977";"3804";"R"
"58";"23275";"655";"201";"201";"010655-00";"CASA DI CURA CELLINI";"02";"Area chirurgica";"14";"0";"01";"Chirurgia vascolare";"Ricoveri ordinari";"01";"30110";"Ricoveri ordinari";"D.T.R. CELLINI";"";"TORINO";"VIA CELLINI BENVENUTO 5  ";"PRIVATA";"13/10/2008";"";"25526";"9977";"3804";"R"
"59";"6942";"655";"201";"201";"010655-00";"CASA DI CURA CELLINI";"02";"Area chirurgica";"30";"0";"01";"Neurochirurgia";"Ricoveri ordinari";"01";"30110";"Ricoveri ordinari";"D.T.R. CELLINI";"";"TORINO";"VIA CELLINI BENVENUTO 5  ";"PRIVATA";"05/05/2003";"";"19793";"4839";"3804";"R"
"60";"6944";"655";"201";"201";"010655-00";"CASA DI CURA CELLINI";"02";"Area chirurgica";"34";"0";"01";"Oculistica";"DH chirurgico";"01";"30120";"DH chirurgico ";"D.T.R. CELLINI";"";"TORINO";"VIA CELLINI BENVENUTO 5  ";"PRIVATA";"05/05/2003";"";"19796";"4840";"3804";"R"
"61";"6943";"655";"201";"201";"010655-00";"CASA DI CURA CELLINI";"02";"Area chirurgica";"34";"0";"01";"Oculistica";"Ricoveri ordinari";"01";"30110";"Ricoveri ordinari";"D.T.R. CELLINI";"";"TORINO";"VIA CELLINI BENVENUTO 5  ";"PRIVATA";"05/05/2003";"";"19797";"4840";"3804";"R"
"62";"6946";"655";"201";"201";"010655-00";"CASA DI CURA CELLINI";"02";"Area chirurgica";"36";"0";"01";"Ortopedia e traumatologia";"DH chirurgico";"01";"30120";"DH chirurgico ";"D.T.R. CELLINI";"";"TORINO";"VIA CELLINI BENVENUTO 5  ";"PRIVATA";"05/05/2003";"";"19804";"4841";"3804";"R"
"63";"6945";"655";"201";"201";"010655-00";"CASA DI CURA CELLINI";"02";"Area chirurgica";"36";"0";"01";"Ortopedia e traumatologia";"Ricoveri ordinari";"01";"30110";"Ricoveri ordinari";"D.T.R. CELLINI";"";"TORINO";"VIA CELLINI BENVENUTO 5  ";"PRIVATA";"05/05/2003";"";"19805";"4841";"3804";"R"
"64";"6948";"655";"201";"201";"010655-00";"CASA DI CURA CELLINI";"02";"Area chirurgica";"38";"0";"01";"Otorinolaringoiatria";"DH chirurgico";"01";"30120";"DH chirurgico ";"D.T.R. CELLINI";"";"TORINO";"VIA CELLINI BENVENUTO 5  ";"PRIVATA";"05/05/2003";"";"19809";"4842";"3804";"R"
"65";"6947";"655";"201";"201";"010655-00";"CASA DI CURA CELLINI";"02";"Area chirurgica";"38";"0";"01";"Otorinolaringoiatria";"Ricoveri ordinari";"01";"30110";"Ricoveri ordinari";"D.T.R. CELLINI";"";"TORINO";"VIA CELLINI BENVENUTO 5  ";"PRIVATA";"05/05/2003";"";"19810";"4842";"3804";"R"
"66";"6950";"655";"201";"201";"010655-00";"CASA DI CURA CELLINI";"02";"Area chirurgica";"43";"0";"01";"Urologia";"DH chirurgico";"01";"30120";"DH chirurgico ";"D.T.R. CELLINI";"";"TORINO";"VIA CELLINI BENVENUTO 5  ";"PRIVATA";"05/05/2003";"";"19816";"4843";"3804";"R"
"67";"6949";"655";"201";"201";"010655-00";"CASA DI CURA CELLINI";"02";"Area chirurgica";"43";"0";"01";"Urologia";"Ricoveri ordinari";"01";"30110";"Ricoveri ordinari";"D.T.R. CELLINI";"";"TORINO";"VIA CELLINI BENVENUTO 5  ";"PRIVATA";"05/05/2003";"";"19817";"4843";"3804";"R"
"68";"23783";"655";"201";"201";"010655-00";"CASA DI CURA CELLINI";"07";"Area altro supporto ospedaliera";"15";"0";"01";"Poliambulatorio ospedaliero";"Attività clinica";"01";"20501";"Attività clinica";"D.T.R. CELLINI";"500124";"TORINO";"VIA CELLINI BENVENUTO 5  ";"PRIVATA";"01/01/2009";"";"";"10279";"3804";"S"
"69";"30302";"662";"201";"201";"010662-00";"MOD CENTRO MEDICO CHIRURGICO";"02";"Area chirurgica";"98";"0";"01";"Day surgery";"DH chirurgico ";"01";"30120";"DH chirurgico ";"MOD  CENTRO MEDICO CHIRURGICO";"010662-00";"TORINO";"CORSO D'AZEGLIO MASSIMO 43 ";"PRIVATA";"07/05/2007";"";"34569";"9388";"5037";"R"
"70";"21414";"664";"201";"201";"010664-00";"MEDICENTER S.R.L.";"02";"Area chirurgica";"98";"0";"01";"Day surgery";"DH chirurgico ";"01";"30120";"DH chirurgico ";"PRESIDIO SANITARIO PRIVATO MEDICENTER";"010664-00";"TORINO";"VIA FREIDOUR 1 B";"PRIVATA";"14/05/2004";"";"";"9466";"5080";"R"
"71";"6662";"611";"202";"202";"010611-00";"VILLA MARIA PIA HOSPITAL";"01";"Area medica";"08";"0";"01";"Cardiologia";"DH non chirurgico";"01";"30130";"DH non chirurgico";"CASA DI CURA VILLA MARIA PIA";"";"TORINO";"STRADA COMUNALE DI MONGRENO 180 ";"PRIVATA";"04/10/2002";"";"19939";"4567";"1552";"R"
"72";"6661";"611";"202";"202";"010611-00";"VILLA MARIA PIA HOSPITAL";"01";"Area medica";"08";"0";"01";"Cardiologia";"Ricoveri ordinari";"01";"30110";"Ricoveri ordinari";"CASA DI CURA VILLA MARIA PIA";"";"TORINO";"STRADA COMUNALE DI MONGRENO 180 ";"PRIVATA";"01/01/1984";"";"19938";"4567";"1552";"R"
"73";"6665";"611";"202";"202";"010611-00";"VILLA MARIA PIA HOSPITAL";"01";"Area medica";"26";"0";"01";"Medicina generale";"Ricoveri ordinari";"01";"30110";"Ricoveri ordinari";"CASA DI CURA VILLA MARIA PIA";"";"TORINO";"STRADA COMUNALE DI MONGRENO 180 ";"PRIVATA";"01/01/1984";"";"19940";"4569";"1552";"R"
"74";"6660";"611";"202";"202";"010611-00";"VILLA MARIA PIA HOSPITAL";"02";"Area chirurgica";"07";"0";"01";"Cardiochirurgia";"Ricoveri ordinari";"01";"30110";"Ricoveri ordinari";"CASA DI CURA VILLA MARIA PIA";"";"TORINO";"STRADA COMUNALE DI MONGRENO 180 ";"PRIVATA";"01/01/1984";"";"19946";"4566";"1552";"R"
"75";"6853";"611";"202";"202";"010611-00";"VILLA MARIA PIA HOSPITAL";"02";"Area chirurgica";"07";"0";"02";"Cardiochirurgia";"DH chirurgico";"01";"30120";"DH chirurgico ";"CASA DI CURA VILLA MARIA PIA";"";"TORINO";"STRADA COMUNALE DI MONGRENO 180 ";"PRIVATA";"04/10/2002";"";"19948";"4751";"1552";"R"
"76";"6852";"611";"202";"202";"010611-00";"VILLA MARIA PIA HOSPITAL";"02";"Area chirurgica";"07";"0";"02";"Cardiochirurgia";"Ricoveri ordinari";"01";"30110";"Ricoveri ordinari";"CASA DI CURA VILLA MARIA PIA";"";"TORINO";"STRADA COMUNALE DI MONGRENO 180 ";"PRIVATA";"14/12/1998";"";"19947";"4751";"1552";"R"
"77";"6664";"611";"202";"202";"010611-00";"VILLA MARIA PIA HOSPITAL";"02";"Area chirurgica";"09";"0";"01";"Chirurgia generale";"DH chirurgico";"01";"30120";"DH chirurgico ";"CASA DI CURA VILLA MARIA PIA";"";"TORINO";"STRADA COMUNALE DI MONGRENO 180 ";"PRIVATA";"04/10/2002";"";"19955";"4568";"1552";"R"
"78";"6663";"611";"202";"202";"010611-00";"VILLA MARIA PIA HOSPITAL";"02";"Area chirurgica";"09";"0";"01";"Chirurgia generale";"Ricoveri ordinari";"01";"30110";"Ricoveri ordinari";"CASA DI CURA VILLA MARIA PIA";"";"TORINO";"STRADA COMUNALE DI MONGRENO 180 ";"PRIVATA";"01/01/1984";"";"19949";"4568";"1552";"R"
"79";"6909";"611";"202";"202";"010611-00";"VILLA MARIA PIA HOSPITAL";"02";"Area chirurgica";"30";"0";"01";"Neurochirurgia";"Ricoveri ordinari";"01";"30110";"Ricoveri ordinari";"CASA DI CURA VILLA MARIA PIA";"";"TORINO";"STRADA COMUNALE DI MONGRENO 180 ";"PRIVATA";"04/10/2002";"";"19957";"4806";"1552";"R"
"80";"6908";"611";"202";"202";"010611-00";"VILLA MARIA PIA HOSPITAL";"02";"Area chirurgica";"34";"0";"02";"Oculistica";"DH chirurgico";"01";"30120";"DH chirurgico ";"CASA DI CURA VILLA MARIA PIA";"";"TORINO";"STRADA COMUNALE DI MONGRENO 180 ";"PRIVATA";"04/10/2002";"";"19961";"4805";"1552";"R"
"81";"6907";"611";"202";"202";"010611-00";"VILLA MARIA PIA HOSPITAL";"02";"Area chirurgica";"34";"0";"02";"Oculistica";"Ricoveri ordinari";"01";"30110";"Ricoveri ordinari";"CASA DI CURA VILLA MARIA PIA";"";"TORINO";"STRADA COMUNALE DI MONGRENO 180 ";"PRIVATA";"04/10/2002";"";"19962";"4805";"1552";"R"
"82";"6668";"611";"202";"202";"010611-00";"VILLA MARIA PIA HOSPITAL";"02";"Area chirurgica";"36";"0";"01";"Ortopedia e traumatologia";"DH chirurgico";"01";"30120";"DH chirurgico ";"CASA DI CURA VILLA MARIA PIA";"";"TORINO";"STRADA COMUNALE DI MONGRENO 180 ";"PRIVATA";"04/10/2002";"";"19965";"4571";"1552";"R"
"83";"6667";"611";"202";"202";"010611-00";"VILLA MARIA PIA HOSPITAL";"02";"Area chirurgica";"36";"0";"01";"Ortopedia e traumatologia";"Ricoveri ordinari";"01";"30110";"Ricoveri ordinari";"CASA DI CURA VILLA MARIA PIA";"";"TORINO";"STRADA COMUNALE DI MONGRENO 180 ";"PRIVATA";"01/01/1995";"";"19964";"4571";"1552";"R"
"84";"6671";"611";"202";"202";"010611-00";"VILLA MARIA PIA HOSPITAL";"02";"Area chirurgica";"43";"0";"01";"Urologia";"DH chirurgico";"01";"30120";"DH chirurgico ";"CASA DI CURA VILLA MARIA PIA";"";"TORINO";"STRADA COMUNALE DI MONGRENO 180 ";"PRIVATA";"04/10/2002";"";"19975";"4573";"1552";"R"
"85";"6670";"611";"202";"202";"010611-00";"VILLA MARIA PIA HOSPITAL";"02";"Area chirurgica";"43";"0";"01";"Urologia";"Ricoveri ordinari";"01";"30110";"Ricoveri ordinari";"CASA DI CURA VILLA MARIA PIA";"";"TORINO";"STRADA COMUNALE DI MONGRENO 180 ";"PRIVATA";"01/01/1984";"";"19974";"4573";"1552";"R"
"86";"23786";"611";"202";"202";"010611-00";"VILLA MARIA PIA HOSPITAL";"07";"Area altro supporto ospedaliera";"15";"0";"01";"Poliambulatorio ospedaliero";"Attività clinica";"01";"20501";"Attività clinica";"CASA DI CURA VILLA MARIA PIA";"500114";"TORINO";"STRADA COMUNALE DI MONGRENO 180 ";"PRIVATA";"01/01/2009";"";"";"10282";"1552";"S"
"87";"6902";"611";"202";"202";"010611-00";"VILLA MARIA PIA HOSPITAL";"08";"Area non acuzie";"56";"1";"20";"Recupero e riabilitazione funzionale";"Ricoveri ordinari";"01";"30110";"Ricoveri ordinari";"CASA DI CURA VILLA MARIA PIA";"";"TORINO";"STRADA COMUNALE DI MONGRENO 180 ";"PRIVATA";"31/12/2001";"";"19980";"4800";"1552";"R"
"88";"6692";"614";"203";"203";"010614-00";"CASA DI CURA VILLE AUGUSTA - S.R.L.";"05";"Area psichiatria";"40";"0";"01";"Psichiatria privati estensiva";"Ricoveri ordinari";"01";"30110";"Ricoveri ordinari";"STRUTTURA PRIVATA CASA DI CURA VILLLE AUGUSTA SRL";"010614-00";"BRUINO";"VIA PINEROLO SUSA 15  ";"PRIVATA";"01/02/1962";"";"20031";"4591";"1558";"R"
"89";"28374";"614";"203";"203";"010614-00";"CASA DI CURA VILLE AUGUSTA - S.R.L.";"08";"Area non acuzie";"56";"4";"40";"Riabilitazione neuro-psichiatrica";"Ricoveri ordinari";"01";"30110";"Ricoveri ordinari";"STRUTTURA PRIVATA CASA DI CURA VILLLE AUGUSTA SRL";"010614-00";"BRUINO";"VIA PINEROLO SUSA 15  ";"PRIVATA";"31/12/2010";"";"31859";"13462";"1558";"R"
"90";"28375";"614";"203";"203";"010614-00";"CASA DI CURA VILLE AUGUSTA - S.R.L.";"08";"Area non acuzie";"60";"4";"40";"Lungodegenza neuro-psichiatrica";"Ricoveri ordinari";"01";"30110";"Ricoveri ordinari";"STRUTTURA PRIVATA CASA DI CURA VILLLE AUGUSTA SRL";"010614-00";"BRUINO";"VIA PINEROLO SUSA 15  ";"PRIVATA";"30/12/2010";"";"31860";"13463";"1558";"R"
"91";"25497";"615";"203";"203";"010615-00";"CASA DI CURA VILLA PATRIZIA - S.R.L.";"08";"Area non acuzie";"56";"4";"40";"Riabilitazione neuro-psichiatrica";"Ricoveri ordinari";"01";"30110";"Ricoveri ordinari";"STRUTTURA PRIVATA CASA DI CURA VILLA PATRIZIA SRL";"010615-00";"PIOSSASCO";"REGIONE GIORDA 6 8 ";"PRIVATA";"01/04/2010";"";"28942";"10785";"1559";"R"
"92";"25498";"615";"203";"203";"010615-00";"CASA DI CURA VILLA PATRIZIA - S.R.L.";"08";"Area non acuzie";"60";"4";"40";"Lungodegenza neuro-psichiatrica";"Ricoveri ordinari";"01";"30110";"Ricoveri ordinari";"STRUTTURA PRIVATA CASA DI CURA VILLA PATRIZIA SRL";"010615-00";"PIOSSASCO";"REGIONE GIORDA 6 8 ";"PRIVATA";"01/04/2010";"";"28943";"10786";"1559";"R"
"93";"6593";"621";"203";"203";"010621-00";"CASA DI CURA VILLA SERENA - S.P.A.";"08";"Area non acuzie";"56";"0";"01";"R.R.F. 1 Livello. - Pneumologica";"Ricoveri ordinari";"01";"30110";"Ricoveri ordinari";"STRUTTURA PRIVATA CASA DI CURA VILLA SERENA SPA";"010621-00";"PIOSSASCO";"VIA MAGENTA 45  ";"PRIVATA";"01/01/1995";"";"20041";"4501";"1560";"R"
"94";"28793";"621";"203";"203";"010621-00";"CASA DI CURA VILLA SERENA - S.P.A.";"08";"Area non acuzie";"56";"0";"05";"R.R.F. 1 livello ";"Ricoveri ordinari";"02";"30110";"Ricoveri ordinari";"STRUTTURA PRIVATA CASA DI CURA VILLA SERENA SPA";"";"PIOSSASCO";"VIA MAGENTA 45  ";"PRIVATA";"02/02/2009";"";"32401";"10511";"1560";"R"
"95";"24448";"621";"203";"203";"010621-00";"CASA DI CURA VILLA SERENA - S.P.A.";"08";"Area non acuzie";"56";"0";"05";"R.R.F. 1 livello ";"Ricoveri ordinari - solo residenti ASL TO3-ASO S.Luigi";"01";"30110";"Ricoveri ordinari";"STRUTTURA PRIVATA CASA DI CURA VILLA SERENA SPA";"010621-00";"PIOSSASCO";"VIA MAGENTA 45  ";"PRIVATA";"02/02/2009";"";"27481";"10511";"1560";"R"
"96";"6903";"621";"203";"203";"010621-00";"CASA DI CURA VILLA SERENA - S.P.A.";"08";"Area non acuzie";"56";"1";"20";"R.R.F. 2 Livello - Cardiologica ";"Ricoveri ordinari";"01";"30110";"Ricoveri ordinari";"STRUTTURA PRIVATA CASA DI CURA VILLA SERENA SPA";"010621-00";"PIOSSASCO";"VIA MAGENTA 45  ";"PRIVATA";"21/12/2001";"";"20043";"4801";"1560";"R"
"97";"6904";"621";"203";"203";"010621-00";"CASA DI CURA VILLA SERENA - S.P.A.";"08";"Area non acuzie";"56";"1";"21";"R.R.F. 2 Livello - Cardiologica";"Ricoveri ordinari";"01";"30110";"Ricoveri ordinari";"STRUTTURA PRIVATA CASA DI CURA VILLA SERENA SPA";"010621-00";"PIOSSASCO";"VIA MAGENTA 45  ";"PRIVATA";"21/12/2001";"";"20042";"4802";"1560";"R"
"98";"21397";"621";"203";"203";"010621-00";"CASA DI CURA VILLA SERENA - S.P.A.";"08";"Area non acuzie";"56";"1";"23";"R.R.F. 2 Livello - Pneumologica";"Ricoveri ordinari";"01";"30110";"Ricoveri ordinari";"STRUTTURA PRIVATA CASA DI CURA VILLA SERENA SPA";"010621-00";"PIOSSASCO";"VIA MAGENTA 45  ";"PRIVATA";"04/12/2006";"";"22546";"9460";"1560";"R"
"99";"28794";"621";"203";"203";"010621-00";"CASA DI CURA VILLA SERENA - S.P.A.";"08";"Area non acuzie";"60";"0";"01";"Lungodegenza ";"Ricoveri ordinari";"02";"30110";"Ricoveri ordinari";"STRUTTURA PRIVATA CASA DI CURA VILLA SERENA SPA";"";"PIOSSASCO";"VIA MAGENTA 45  ";"PRIVATA";"02/02/2009";"";"32402";"10510";"1560";"R"
"100";"24447";"621";"203";"203";"010621-00";"CASA DI CURA VILLA SERENA - S.P.A.";"08";"Area non acuzie";"60";"0";"01";"Lungodegenza ";"Ricoveri ordinari - residenti ASL TO3 - ASO S. Luigi";"01";"30110";"Ricoveri ordinari";"STRUTTURA PRIVATA CASA DI CURA VILLA SERENA SPA";"010621-00";"PIOSSASCO";"VIA MAGENTA 45  ";"PRIVATA";"02/02/2009";"";"27480";"10510";"1560";"R"
"101";"6597";"623";"203";"203";"010623-00";"VILLA PAPA GIOVANNI XXIII";"08";"Area non acuzie";"56";"0";"01";"Recupero e riabilitazione funzionale";"Ricoveri ordinari";"01";"30110";"Ricoveri ordinari";"CASA DI CURA VILLA PAPA GIOVANNI XXIII";"";"PIANEZZA";"VIA SAN GILLIO 75  ";"PRIVATA";"01/01/1995";"";"20111";"4505";"1569";"R"
"102";"6792";"623";"203";"203";"010623-00";"VILLA PAPA GIOVANNI XXIII";"08";"Area non acuzie";"56";"0";"02";"Recupero e riabilitazione funzionale";"Ricoveri ordinari";"01";"30110";"Ricoveri ordinari";"CASA DI CURA VILLA PAPA GIOVANNI XXIII";"";"PIANEZZA";"VIA SAN GILLIO 75  ";"PRIVATA";"01/01/1995";"";"20098";"4687";"1569";"R"
"103";"6793";"623";"203";"203";"010623-00";"VILLA PAPA GIOVANNI XXIII";"08";"Area non acuzie";"56";"0";"03";"Recupero e riabilitazione funzionale";"Ricoveri ordinari";"01";"30110";"Ricoveri ordinari";"CASA DI CURA VILLA PAPA GIOVANNI XXIII";"";"PIANEZZA";"VIA SAN GILLIO 75  ";"PRIVATA";"01/01/1995";"";"20108";"4688";"1569";"R"
"104";"6794";"623";"203";"203";"010623-00";"VILLA PAPA GIOVANNI XXIII";"08";"Area non acuzie";"56";"0";"04";"Recupero e riabilitazione funzionale";"Ricoveri ordinari";"01";"30110";"Ricoveri ordinari";"CASA DI CURA VILLA PAPA GIOVANNI XXIII";"";"PIANEZZA";"VIA SAN GILLIO 75  ";"PRIVATA";"01/01/1995";"";"20099";"4689";"1569";"R"
"105";"6795";"623";"203";"203";"010623-00";"VILLA PAPA GIOVANNI XXIII";"08";"Area non acuzie";"56";"0";"05";"Recupero e riabilitazione funzionale";"Ricoveri ordinari";"01";"30110";"Ricoveri ordinari";"CASA DI CURA VILLA PAPA GIOVANNI XXIII";"";"PIANEZZA";"VIA SAN GILLIO 75  ";"PRIVATA";"01/01/1995";"";"20107";"4690";"1569";"R"
"106";"6582";"646";"203";"203";"010646-00";"CASA DI CURA VILLA IRIS SRL";"08";"Area non acuzie";"56";"0";"01";"Recupero e riabilitazione funzionale";"Ricoveri ordinari";"01";"30110";"Ricoveri ordinari";"CASA DI CURA VILLA IRIS SRL ";"";"PIANEZZA";"VIA PAVESE CESARE 12  ";"PRIVATA";"06/08/1997";"";"20109";"4490";"1571";"R"
"107";"6823";"646";"203";"203";"010646-00";"CASA DI CURA VILLA IRIS SRL";"08";"Area non acuzie";"56";"0";"02";"Recupero e riabilitazione funzionale";"Ricoveri ordinari";"01";"30110";"Ricoveri ordinari";"CASA DI CURA VILLA IRIS SRL ";"";"PIANEZZA";"VIA PAVESE CESARE 12  ";"PRIVATA";"06/08/1997";"";"20100";"4720";"1571";"R"
"108";"6583";"646";"203";"203";"010646-00";"CASA DI CURA VILLA IRIS SRL";"08";"Area non acuzie";"60";"0";"01";"Lungodegenza";"Ricoveri ordinari";"01";"30110";"Ricoveri ordinari";"CASA DI CURA VILLA IRIS SRL ";"";"PIANEZZA";"VIA PAVESE CESARE 12  ";"PRIVATA";"01/01/1995";"";"20113";"4491";"1571";"R"
"109";"6824";"646";"203";"203";"010646-00";"CASA DI CURA VILLA IRIS SRL";"08";"Area non acuzie";"60";"0";"02";"Lungodegenza";"Ricoveri ordinari";"01";"30110";"Ricoveri ordinari";"CASA DI CURA VILLA IRIS SRL ";"";"PIANEZZA";"VIA PAVESE CESARE 12  ";"PRIVATA";"01/01/1995";"";"20118";"4721";"1571";"R"
"110";"6825";"646";"203";"203";"010646-00";"CASA DI CURA VILLA IRIS SRL";"08";"Area non acuzie";"60";"0";"03";"Lungodegenza";"Ricoveri ordinari";"01";"30110";"Ricoveri ordinari";"CASA DI CURA VILLA IRIS SRL ";"";"PIANEZZA";"VIA PAVESE CESARE 12  ";"PRIVATA";"01/01/1995";"";"20117";"4722";"1571";"R"
"111";"6826";"646";"203";"203";"010646-00";"CASA DI CURA VILLA IRIS SRL";"08";"Area non acuzie";"60";"0";"04";"Lungodegenza";"Ricoveri ordinari";"01";"30110";"Ricoveri ordinari";"CASA DI CURA VILLA IRIS SRL ";"";"PIANEZZA";"VIA PAVESE CESARE 12  ";"PRIVATA";"01/01/1995";"";"20116";"4723";"1571";"R"
"112";"6875";"651";"203";"203";"010651-00";"CASA DI CURA MADONNA DEI BOSCHI";"08";"Area non acuzie";"56";"1";"20";"Recupero e riabilitazione funzionale - 2 livello";"Ricoveri ordinari";"01";"30110";"Ricoveri ordinari";"STRUTT. PRIVATA C.SA DI CURA MADONNA DEI BOSCHI";"010651-00";"BUTTIGLIERA ALTA";"VIA RAGAZZI DEL ' 99 1 ";"PRIVATA";"04/06/2001";"";"20048";"4773";"3076";"R"
"113";"6876";"651";"203";"203";"010651-00";"CASA DI CURA MADONNA DEI BOSCHI";"08";"Area non acuzie";"56";"1";"21";"Recupero e riabilitazione funzionale - 2 livello";"Ricoveri ordinari";"01";"30110";"Ricoveri ordinari";"STRUTT. PRIVATA C.SA DI CURA MADONNA DEI BOSCHI";"010651-00";"BUTTIGLIERA ALTA";"VIA RAGAZZI DEL ' 99 1 ";"PRIVATA";"04/06/2001";"";"20047";"4774";"3076";"R"
"114";"21398";"663";"203";"203";"010663-00";"MEDICAL SERVICE S.A.S";"02";"Area chirurgica";"98";"0";"01";"Day surgery";"DH chirurgico ";"01";"30120";"DH chirurgico ";"MEDICAL SERVICE S.A.S";"010663-00";"PINEROLO";"VIA MARTIRI DEL XXI 110 ";"PRIVATA";"26/06/2007";"";"";"9423";"5065";"R"
"115";"6695";"626";"204";"204";"010616-00";"POLICLINICO DI MONZA SPA";"01";"Area medica";"26";"0";"01";"Medicina generale";"Ricoveri ordinari";"01";"30110";"Ricoveri ordinari";"CASA DI CURA CLINICA EPOREDIESE";"010616-00";"IVREA";"VIA DELLA CASTIGLIA 27  ";"PRIVATA";"01/01/1995";"";"20288";"4594";"1582";"R"
"116";"6919";"626";"204";"204";"010616-00";"POLICLINICO DI MONZA SPA";"02";"Area chirurgica";"13";"0";"01";"Chirurgia toracica";"Ricoveri ordinari";"01";"30110";"Ricoveri ordinari";"CASA DI CURA CLINICA EPOREDIESE";"010616-00";"IVREA";"VIA DELLA CASTIGLIA 27  ";"PRIVATA";"22/05/2003";"";"20290";"4816";"1582";"R"
"117";"6917";"626";"204";"204";"010616-00";"POLICLINICO DI MONZA SPA";"02";"Area chirurgica";"14";"0";"01";"Chirurgia vascolare";"Ricoveri ordinari";"01";"30110";"Ricoveri ordinari";"CASA DI CURA CLINICA EPOREDIESE";"010616-00";"IVREA";"VIA DELLA CASTIGLIA 27  ";"PRIVATA";"19/12/2002";"";"20291";"4814";"1582";"R"
"118";"6918";"626";"204";"204";"010616-00";"POLICLINICO DI MONZA SPA";"02";"Area chirurgica";"30";"0";"01";"Neurochirurgia";"Ricoveri ordinari";"01";"30110";"Ricoveri ordinari";"CASA DI CURA CLINICA EPOREDIESE";"010616-00";"IVREA";"VIA DELLA CASTIGLIA 27  ";"PRIVATA";"19/12/2002";"";"20292";"4815";"1582";"R"
"119";"6906";"626";"204";"204";"010616-00";"POLICLINICO DI MONZA SPA";"02";"Area chirurgica";"36";"0";"01";"Ortopedia e traumatologia";"Ricoveri ordinari";"01";"30110";"Ricoveri ordinari";"CASA DI CURA CLINICA EPOREDIESE";"010616-00";"IVREA";"VIA DELLA CASTIGLIA 27  ";"PRIVATA";"13/09/2002";"";"20294";"4804";"1582";"R"
"120";"23844";"626";"204";"204";"010616-00";"POLICLINICO DI MONZA SPA";"07";"Area altro supporto ospedaliera";"15";"0";"01";"Poliambulatorio ospedaliero";"Attività clinica";"01";"20501";"Attività clinica";"CASA DI CURA CLINICA EPOREDIESE";"500109";"IVREA";"VIA DELLA CASTIGLIA 27  ";"PRIVATA";"01/01/2009";"";"";"10332";"1582";"S"
"121";"6832";"626";"204";"204";"010616-00";"POLICLINICO DI MONZA SPA";"08";"Area non acuzie";"56";"0";"01";"Recupero e riabilitazione funzionale";"Ricoveri ordinari";"01";"30110";"Ricoveri ordinari";"CASA DI CURA CLINICA EPOREDIESE";"010616-00";"IVREA";"VIA DELLA CASTIGLIA 27  ";"PRIVATA";"02/03/2000";"";"20297";"4731";"1582";"R"
"122";"24044";"617";"204";"204";"010617-00";"CASA DI CURA VILLE TURINA AMIONE";"05";"Area psichiatria";"40";"0";"06";"Psichiatria SPDC";"Ricoveri ordinari";"01";"30110";"Ricoveri ordinari";"CASA DI CURA VILLE TURINA AMIONE";"010617-00";"SAN MAURIZIO CANAVESE";"PIAZZA VITTIME DI BOLOGNA 1 ";"PRIVATA";"01/01/2009";"";"26824";"10404";"1566";"R"
"123";"24037";"617";"204";"204";"010617-00";"CASA DI CURA VILLE TURINA AMIONE";"08";"Area non acuzie";"56";"4";"01";"Riabilitazione neuro-psichiatrica";"Ricoveri ordinari";"01";"30110";"Ricoveri ordinari";"CASA DI CURA VILLE TURINA AMIONE";"010617-00";"SAN MAURIZIO CANAVESE";"PIAZZA VITTIME DI BOLOGNA 1 ";"PRIVATA";"01/01/2009";"";"26817";"10397";"1566";"R"
"124";"24038";"617";"204";"204";"010617-00";"CASA DI CURA VILLE TURINA AMIONE";"08";"Area non acuzie";"56";"4";"02";"Riabilitazione neuro-psichiatrica";"Ricoveri ordinari";"01";"30110";"Ricoveri ordinari";"CASA DI CURA VILLE TURINA AMIONE";"010617-00";"SAN MAURIZIO CANAVESE";"PIAZZA VITTIME DI BOLOGNA 1 ";"PRIVATA";"01/01/2009";"";"26818";"10399";"1566";"R"
"125";"24040";"617";"204";"204";"010617-00";"CASA DI CURA VILLE TURINA AMIONE";"08";"Area non acuzie";"56";"4";"03";"Riabilitazione neuro-psichiatrica";"Ricoveri ordinari";"01";"30110";"Ricoveri ordinari";"CASA DI CURA VILLE TURINA AMIONE";"010617-00";"SAN MAURIZIO CANAVESE";"PIAZZA VITTIME DI BOLOGNA 1 ";"PRIVATA";"01/01/2009";"";"26820";"10401";"1566";"R"
"126";"24041";"617";"204";"204";"010617-00";"CASA DI CURA VILLE TURINA AMIONE";"08";"Area non acuzie";"56";"4";"04";"Riabilitazione neuro-psichiatrica";"Ricoveri ordinari";"01";"30110";"Ricoveri ordinari";"CASA DI CURA VILLE TURINA AMIONE";"010617-00";"SAN MAURIZIO CANAVESE";"PIAZZA VITTIME DI BOLOGNA 1 ";"PRIVATA";"01/01/2009";"";"26821";"10402";"1566";"R"
"127";"24039";"617";"204";"204";"010617-00";"CASA DI CURA VILLE TURINA AMIONE";"08";"Area non acuzie";"60";"4";"01";"Lungodegenza neuro-psichiatrica";"Ricoveri ordinari";"01";"30110";"Ricoveri ordinari";"CASA DI CURA VILLE TURINA AMIONE";"010617-00";"SAN MAURIZIO CANAVESE";"PIAZZA VITTIME DI BOLOGNA 1 ";"PRIVATA";"01/01/2009";"";"26819";"10400";"1566";"R"
"128";"24042";"617";"204";"204";"010617-00";"CASA DI CURA VILLE TURINA AMIONE";"08";"Area non acuzie";"60";"4";"02";"Lungodegenza neuro-psichiatrica";"Ricoveri ordinari";"01";"30110";"Ricoveri ordinari";"CASA DI CURA VILLE TURINA AMIONE";"010617-00";"SAN MAURIZIO CANAVESE";"PIAZZA VITTIME DI BOLOGNA 1 ";"PRIVATA";"01/01/2009";"";"26822";"10403";"1566";"R"
"129";"6883";"622";"204";"204";"010622-00";"SANTA CROCE SRL";"08";"Area non acuzie";"56";"1";"20";"Recupero e riabilitazione funzionale";"Ricoveri ordinari";"01";"30110";"Ricoveri ordinari";"CASA DI CURA VILLA IDA";"";"LANZO TORINESE";"VIA CHALLANT AYMONE 23  ";"PRIVATA";"01/09/2001";"";"20104";"4781";"1568";"R"
"130";"6884";"622";"204";"204";"010622-00";"SANTA CROCE SRL";"08";"Area non acuzie";"56";"1";"21";"Recupero e riabilitazione funzionale";"Ricoveri ordinari";"01";"30110";"Ricoveri ordinari";"CASA DI CURA VILLA IDA";"";"LANZO TORINESE";"VIA CHALLANT AYMONE 23  ";"PRIVATA";"01/09/2001";"";"20103";"4782";"1568";"R"
"131";"6596";"622";"204";"204";"010622-00";"SANTA CROCE SRL";"08";"Area non acuzie";"60";"0";"01";"Lungodegenza";"Ricoveri ordinari";"01";"30110";"Ricoveri ordinari";"CASA DI CURA VILLA IDA";"";"LANZO TORINESE";"VIA CHALLANT AYMONE 23  ";"PRIVATA";"01/01/1995";"";"20122";"4504";"1568";"R"
"132";"6790";"622";"204";"204";"010622-00";"SANTA CROCE SRL";"08";"Area non acuzie";"60";"0";"02";"Lungodegenza";"Ricoveri ordinari";"01";"30110";"Ricoveri ordinari";"CASA DI CURA VILLA IDA";"";"LANZO TORINESE";"VIA CHALLANT AYMONE 23  ";"PRIVATA";"01/01/1995";"";"20120";"4685";"1568";"R"
"133";"6791";"622";"204";"204";"010622-00";"SANTA CROCE SRL";"08";"Area non acuzie";"60";"0";"03";"Lungodegenza";"Ricoveri ordinari";"01";"30110";"Ricoveri ordinari";"CASA DI CURA VILLA IDA";"";"LANZO TORINESE";"VIA CHALLANT AYMONE 23  ";"PRIVATA";"01/01/1995";"";"20119";"4686";"1568";"R"
"134";"6577";"644";"204";"204";"010644-00";"VILLA GRAZIA SRL";"08";"Area non acuzie";"56";"0";"01";"Recupero e riabilitazione funzionale";"Ricoveri ordinari";"01";"30110";"Ricoveri ordinari";"CASA DI CURA VILLA GRAZIA";"";"SAN CARLO CANAVESE";"STRADA POLIGONO 2 ";"PRIVATA";"01/01/1995";"";"20097";"4485";"1570";"R"
"135";"6856";"644";"204";"204";"010644-00";"VILLA GRAZIA SRL";"08";"Area non acuzie";"56";"0";"03";"Recupero e riabilitazione funzionale";"Ricoveri ordinari";"01";"30110";"Ricoveri ordinari";"CASA DI CURA VILLA GRAZIA";"";"SAN CARLO CANAVESE";"STRADA POLIGONO 2 ";"PRIVATA";"06/08/1997";"";"20105";"4754";"1570";"R"
"136";"6905";"644";"204";"204";"010644-00";"VILLA GRAZIA SRL";"08";"Area non acuzie";"56";"1";"20";"Recupero e riabilitazione funzionale";"Ricoveri ordinari";"01";"30110";"Ricoveri ordinari";"CASA DI CURA VILLA GRAZIA";"";"SAN CARLO CANAVESE";"STRADA POLIGONO 2 ";"PRIVATA";"24/12/2001";"";"20102";"4803";"1570";"R"
"137";"6578";"644";"204";"204";"010644-00";"VILLA GRAZIA SRL";"08";"Area non acuzie";"60";"0";"01";"Lungodegenza";"Ricoveri ordinari";"01";"30110";"Ricoveri ordinari";"CASA DI CURA VILLA GRAZIA";"";"SAN CARLO CANAVESE";"STRADA POLIGONO 2 ";"PRIVATA";"01/01/1990";"";"20112";"4486";"1570";"R"
"138";"6857";"644";"204";"204";"010644-00";"VILLA GRAZIA SRL";"08";"Area non acuzie";"60";"0";"02";"Lungodegenza";"Ricoveri ordinari";"01";"30110";"Ricoveri ordinari";"CASA DI CURA VILLA GRAZIA";"";"SAN CARLO CANAVESE";"STRADA POLIGONO 2 ";"PRIVATA";"06/08/1997";"";"20115";"4755";"1570";"R"
"139";"6858";"644";"204";"204";"010644-00";"VILLA GRAZIA SRL";"08";"Area non acuzie";"60";"0";"03";"Lungodegenza";"Ricoveri ordinari";"01";"30110";"Ricoveri ordinari";"CASA DI CURA VILLA GRAZIA";"";"SAN CARLO CANAVESE";"STRADA POLIGONO 2 ";"PRIVATA";"06/08/1997";"";"20114";"4756";"1570";"R"
"140";"27006";"644";"204";"204";"010644-00";"VILLA GRAZIA SRL";"08";"Area non acuzie";"60";"0";"04";"Lungodegenza ";"Ricoveri ordinari";"01";"30110";"Ricoveri ordinari";"CASA DI CURA VILLA GRAZIA";"";"SAN CARLO CANAVESE";"STRADA POLIGONO 2 ";"PRIVATA";"30/06/2010";"";"30486";"12350";"1570";"R"
"141";"27007";"644";"204";"204";"010644-00";"VILLA GRAZIA SRL";"08";"Area non acuzie";"60";"0";"05";"Lungodegenza ";"Ricoveri ordinari";"01";"30110";"Ricoveri ordinari";"CASA DI CURA VILLA GRAZIA";"";"SAN CARLO CANAVESE";"STRADA POLIGONO 2 ";"PRIVATA";"30/06/2010";"";"30487";"12351";"1570";"R"
"142";"6702";"618";"205";"205";"010618-00";"CASA DI CURA E RIPOSO S. LUCA S.P.A.";"01";"Area medica";"08";"0";"01";"Cardiologia";"Ricoveri ordinari";"01";"30110";"Ricoveri ordinari";"CASA DI CURA E DI RIPOSO SAN LUCA S.P.A.";"";"PECETTO TORINESE";"STRADA DELLA VETTA 47  ";"PRIVATA";"01/01/1995";"";"20203";"4601";"1577";"R"
"143";"6705";"618";"205";"205";"010618-00";"CASA DI CURA E RIPOSO S. LUCA S.P.A.";"01";"Area medica";"26";"0";"01";"Medicina generale";"Ricoveri ordinari";"01";"30110";"Ricoveri ordinari";"CASA DI CURA E DI RIPOSO SAN LUCA S.P.A.";"";"PECETTO TORINESE";"STRADA DELLA VETTA 47  ";"PRIVATA";"01/01/1988";"";"20204";"4603";"1577";"R"
"144";"6704";"618";"205";"205";"010618-00";"CASA DI CURA E RIPOSO S. LUCA S.P.A.";"02";"Area chirurgica";"09";"0";"01";"Chirurgia generale";"DH chirurgico";"01";"30120";"DH chirurgico ";"CASA DI CURA E DI RIPOSO SAN LUCA S.P.A.";"";"PECETTO TORINESE";"STRADA DELLA VETTA 47  ";"PRIVATA";"22/09/2003";"";"20207";"4602";"1577";"R"
"145";"6703";"618";"205";"205";"010618-00";"CASA DI CURA E RIPOSO S. LUCA S.P.A.";"02";"Area chirurgica";"09";"0";"01";"Chirurgia generale";"Ricoveri ordinari";"01";"30110";"Ricoveri ordinari";"CASA DI CURA E DI RIPOSO SAN LUCA S.P.A.";"";"PECETTO TORINESE";"STRADA DELLA VETTA 47  ";"PRIVATA";"01/01/1988";"";"20206";"4602";"1577";"R"
"146";"6643";"618";"205";"205";"010618-00";"CASA DI CURA E RIPOSO S. LUCA S.P.A.";"02";"Area chirurgica";"43";"0";"01";"Urologia";"DH chirurgico";"01";"30120";"DH chirurgico ";"CASA DI CURA E DI RIPOSO SAN LUCA S.P.A.";"";"PECETTO TORINESE";"STRADA DELLA VETTA 47  ";"PRIVATA";"22/09/2003";"";"20209";"4550";"1577";"R"
"147";"6642";"618";"205";"205";"010618-00";"CASA DI CURA E RIPOSO S. LUCA S.P.A.";"02";"Area chirurgica";"43";"0";"01";"Urologia";"Ricoveri ordinari";"01";"30110";"Ricoveri ordinari";"CASA DI CURA E DI RIPOSO SAN LUCA S.P.A.";"";"PECETTO TORINESE";"STRADA DELLA VETTA 47  ";"PRIVATA";"01/01/1998";"";"20208";"4550";"1577";"R"
"148";"6707";"618";"205";"205";"010618-00";"CASA DI CURA E RIPOSO S. LUCA S.P.A.";"03";"Area materno-infantile";"37";"0";"01";"Ostetricia e ginecologia";"DH chirurgico";"01";"30120";"DH chirurgico ";"CASA DI CURA E DI RIPOSO SAN LUCA S.P.A.";"";"PECETTO TORINESE";"STRADA DELLA VETTA 47  ";"PRIVATA";"22/09/2003";"";"20211";"4604";"1577";"R"
"149";"6706";"618";"205";"205";"010618-00";"CASA DI CURA E RIPOSO S. LUCA S.P.A.";"03";"Area materno-infantile";"37";"0";"01";"Ostetricia e ginecologia";"Ricoveri ordinari";"01";"30110";"Ricoveri ordinari";"CASA DI CURA E DI RIPOSO SAN LUCA S.P.A.";"";"PECETTO TORINESE";"STRADA DELLA VETTA 47  ";"PRIVATA";"01/01/1998";"";"20210";"4604";"1577";"R"
"150";"23798";"618";"205";"205";"010618-00";"CASA DI CURA E RIPOSO S. LUCA S.P.A.";"07";"Area altro supporto ospedaliera";"15";"0";"01";"Poliambulatorio ospedaliero";"Attività clinica";"01";"20501";"Attività clinica";"CASA DI CURA E DI RIPOSO SAN LUCA S.P.A.";"500053";"PECETTO TORINESE";"STRADA DELLA VETTA 47  ";"PRIVATA";"01/01/2009";"";"";"10294";"1577";"S"
"151";"6939";"618";"205";"205";"010618-00";"CASA DI CURA E RIPOSO S. LUCA S.P.A.";"08";"Area non acuzie";"60";"0";"01";"Lungodegenza";"Ricoveri ordinari";"01";"30110";"Ricoveri ordinari";"CASA DI CURA E DI RIPOSO SAN LUCA S.P.A.";"";"PECETTO TORINESE";"STRADA DELLA VETTA 47  ";"PRIVATA";"22/09/2003";"";"20221";"4836";"1577";"R"
"152";"6591";"617";"205";"205";"010620-00";"CASA DI CURA VILLA DI SALUTE SPA";"05";"Area psichiatria";"40";"0";"01";"Psichiatria privati";"Ricoveri ordinari";"01";"30110";"Ricoveri ordinari";"CASA DI CURA VILLA DI SALUTE";"010620-00";"TROFARELLO";"VIALE DELLA RESISTENZA 24  ";"PRIVATA";"01/01/1988";"";"20212";"4499";"1578";"R"
"153";"29121";"617";"205";"205";"010620-00";"CASA DI CURA VILLA DI SALUTE SPA";"08";"Area non acuzie";"56";"4";"01";"Riabilitazione neuro-psichiatrica";"Ricoveri ordinari";"01";"30110";"Ricoveri ordinari";"CASA DI CURA VILLA DI SALUTE";"010620-00";"TROFARELLO";"VIALE DELLA RESISTENZA 24  ";"PRIVATA";"01/07/2011";"";"32858";"13738";"1578";"R"
"154";"29122";"617";"205";"205";"010620-00";"CASA DI CURA VILLA DI SALUTE SPA";"08";"Area non acuzie";"56";"4";"02";"Riabilitazione neuro-psichiatrica";"Ricoveri ordinari";"01";"30110";"Ricoveri ordinari";"CASA DI CURA VILLA DI SALUTE";"010620-00";"TROFARELLO";"VIALE DELLA RESISTENZA 24  ";"PRIVATA";"01/07/2011";"";"32859";"13739";"1578";"R"
"155";"29123";"617";"205";"205";"010620-00";"CASA DI CURA VILLA DI SALUTE SPA";"08";"Area non acuzie";"60";"4";"01";"Lungodegenza neuro-psichiatrica";"Ricoveri ordinari";"01";"30110";"Ricoveri ordinari";"CASA DI CURA VILLA DI SALUTE";"010620-00";"TROFARELLO";"VIALE DELLA RESISTENZA 24  ";"PRIVATA";"01/07/2011";"";"32860";"13740";"1578";"R"
"156";"6585";"648";"205";"205";"010648-00";"ADRIANA S.R.L.";"08";"Area non acuzie";"56";"0";"01";"Recupero e riabilitazione funzionale";"Ricoveri ordinari";"01";"30110";"Ricoveri ordinari";"CASA DI CURA VILLA ADRIANA";"";"ARIGNANO";"VIA ROBIOLA 9  ";"PRIVATA";"14/12/1998";"";"20217";"4493";"1579";"R"
"157";"6828";"648";"205";"205";"010648-00";"ADRIANA S.R.L.";"08";"Area non acuzie";"56";"0";"02";"Recupero e riabilitazione funzionale";"Ricoveri ordinari";"01";"30110";"Ricoveri ordinari";"CASA DI CURA VILLA ADRIANA";"";"ARIGNANO";"VIA ROBIOLA 9  ";"PRIVATA";"14/12/1998";"";"20218";"4725";"1579";"R"
"158";"6586";"648";"205";"205";"010648-00";"ADRIANA S.R.L.";"08";"Area non acuzie";"60";"0";"01";"Lungodegenza";"Ricoveri ordinari";"01";"30110";"Ricoveri ordinari";"CASA DI CURA VILLA ADRIANA";"";"ARIGNANO";"VIA ROBIOLA 9  ";"PRIVATA";"14/12/1998";"";"20219";"4494";"1579";"R"
"159";"6829";"648";"205";"205";"010648-00";"ADRIANA S.R.L.";"08";"Area non acuzie";"60";"0";"02";"Lungodegenza";"Ricoveri ordinari";"01";"30110";"Ricoveri ordinari";"CASA DI CURA VILLA ADRIANA";"";"ARIGNANO";"VIA ROBIOLA 9  ";"PRIVATA";"14/12/1998";"";"20220";"4726";"1579";"R"
"160";"21056";"661";"205";"205";"010661-00";"POLICLINICO SAN LUCA S.R.L.";"02";"Area chirurgica";"98";"0";"01";"Day surgery";"DH chirurgico ";"01";"30120";"DH chirurgico ";"LISA AMB. POLISPECIALISTICO E DAY SURGERY";"010661-00";"CARMAGNOLA";"VIA RACCONIGI 8 ";"PRIVATA";"02/08/2006";"";"";"9372";"5030";"R"
"161";"24132";"661";"205";"205";"010661-00";"POLICLINICO SAN LUCA S.R.L.";"07";"Area altro supporto ospedaliera";"15";"0";"01";"Poliambulatorio ospedaliero";"Attività clinica";"01";"20501";"Attività clinica";"LISA AMB. POLISPECIALISTICO E DAY SURGERY";"500171";"CARMAGNOLA";"VIA RACCONIGI 8 ";"PRIVATA";"02/01/2009";"";"";"10445";"5030";"S"
"162";"6602";"626";"206";"206";"010626-00";"POLICLINICO DI MONZA SPA";"01";"Area medica";"26";"0";"01";"Medicina generale";"Ricoveri ordinari";"01";"30110";"Ricoveri ordinari";"POLICLINICO DI MONZA CASA DI C.P. PRESIDIO S. RITA";"";"VERCELLI";"VIALE DELLA AERONAUTICA 14 ";"PRIVATA";"01/01/1995";"";"20356";"4510";"1591";"R"
"163";"6601";"626";"206";"206";"010626-00";"POLICLINICO DI MONZA SPA";"02";"Area chirurgica";"09";"0";"01";"Chirurgia generale";"Ricoveri ordinari";"01";"30110";"Ricoveri ordinari";"POLICLINICO DI MONZA CASA DI C.P. PRESIDIO S. RITA";"";"VERCELLI";"VIALE DELLA AERONAUTICA 14 ";"PRIVATA";"01/07/1996";"";"20360";"4509";"1591";"R"
"164";"6604";"626";"206";"206";"010626-00";"POLICLINICO DI MONZA SPA";"02";"Area chirurgica";"34";"0";"01";"Oculistica";"Ricoveri ordinari";"01";"30110";"Ricoveri ordinari";"POLICLINICO DI MONZA CASA DI C.P. PRESIDIO S. RITA";"";"VERCELLI";"VIALE DELLA AERONAUTICA 14 ";"PRIVATA";"01/07/1996";"";"20361";"4512";"1591";"R"
"165";"6848";"626";"206";"206";"010626-00";"POLICLINICO DI MONZA SPA";"02";"Area chirurgica";"36";"0";"01";"Ortopedia e traumatologia";"Ricoveri ordinari";"01";"30110";"Ricoveri ordinari";"POLICLINICO DI MONZA CASA DI C.P. PRESIDIO S. RITA";"";"VERCELLI";"VIALE DELLA AERONAUTICA 14 ";"PRIVATA";"31/07/2000";"";"20362";"4747";"1591";"R"
"166";"6606";"626";"206";"206";"010626-00";"POLICLINICO DI MONZA SPA";"02";"Area chirurgica";"43";"0";"01";"Urologia";"Ricoveri ordinari";"01";"30110";"Ricoveri ordinari";"POLICLINICO DI MONZA CASA DI C.P. PRESIDIO S. RITA";"";"VERCELLI";"VIALE DELLA AERONAUTICA 14 ";"PRIVATA";"01/07/1996";"";"20363";"4514";"1591";"R"
"167";"6605";"626";"206";"206";"010626-00";"POLICLINICO DI MONZA SPA";"03";"Area materno-infantile";"37";"0";"01";"Ostetricia e ginecologia";"Ricoveri ordinari";"01";"30110";"Ricoveri ordinari";"POLICLINICO DI MONZA CASA DI C.P. PRESIDIO S. RITA";"";"VERCELLI";"VIALE DELLA AERONAUTICA 14 ";"PRIVATA";"01/07/1996";"";"20364";"4513";"1591";"R"
"168";"23800";"626";"206";"206";"010626-00";"POLICLINICO DI MONZA SPA";"07";"Area altro supporto ospedaliera";"15";"0";"01";"Poliambulatorio ospedaliero";"Attività clinica";"01";"20501";"Attività clinica";"POLICLINICO DI MONZA CASA DI C.P. PRESIDIO S. RITA";"500058";"VERCELLI";"VIALE DELLA AERONAUTICA 14 ";"PRIVATA";"01/01/2009";"";"";"10296";"1591";"S"
"169";"6796";"626";"206";"206";"010626-00";"POLICLINICO DI MONZA SPA";"08";"Area non acuzie";"56";"0";"01";"Recupero e riabilitazione funzionale";"Ricoveri ordinari";"01";"30110";"Ricoveri ordinari";"POLICLINICO DI MONZA CASA DI C.P. PRESIDIO S. RITA";"";"VERCELLI";"VIALE DELLA AERONAUTICA 14 ";"PRIVATA";"01/01/1995";"";"20366";"4691";"1591";"R"
"170";"17393";"657";"206";"206";"010657-00";"CASA DI CURA CENTRO R.R.F. MONS. LUIGI NOVARESE";"08";"Area non acuzie";"56";"1";"20";"Recupero e riabilitazione funzionale 2 livello";"Ricoveri ordinari";"01";"30110";"Ricoveri ordinari";"CASA DI CURA CENTRO R.R.F. MONS. LUIGI NOVARESE";"";"MONCRIVELLO";"VIA MARTIRI DELLA LIBERTA' 1 ";"PRIVATA";"01/01/2005";"";"20370";"8641";"4645";"R"
"171";"17457";"657";"206";"206";"010657-00";"CASA DI CURA CENTRO R.R.F. MONS. LUIGI NOVARESE";"08";"Area non acuzie";"56";"1";"21";"Recupero e riabilitazione funzionale 2 livello";"Ricoveri ordinari";"01";"30110";"Ricoveri ordinari";"CASA DI CURA CENTRO R.R.F. MONS. LUIGI NOVARESE";"";"MONCRIVELLO";"VIA MARTIRI DELLA LIBERTA' 1 ";"PRIVATA";"01/01/2005";"";"20369";"8645";"4645";"R"
"172";"20690";"657";"206";"206";"010657-00";"CASA DI CURA CENTRO R.R.F. MONS. LUIGI NOVARESE";"08";"Area non acuzie";"56";"1";"22";"Recupero e riabilitazione funzionale 2 livello";"Ricoveri ordinari";"01";"30110";"Ricoveri ordinari";"CASA DI CURA CENTRO R.R.F. MONS. LUIGI NOVARESE";"010657-00";"MONCRIVELLO";"VIA MARTIRI DELLA LIBERTA' 1 ";"PRIVATA";"06/10/2006";"";"20367";"9192";"4645";"R"
"173";"20689";"657";"206";"206";"010657-00";"CASA DI CURA CENTRO R.R.F. MONS. LUIGI NOVARESE";"08";"Area non acuzie";"56";"1";"23";"Recupero e riabilitazione funzionale 2 livello";"Ricoveri ordinari";"01";"30110";"Ricoveri ordinari";"CASA DI CURA CENTRO R.R.F. MONS. LUIGI NOVARESE";"010657-00";"MONCRIVELLO";"VIA MARTIRI DELLA LIBERTA' 1 ";"PRIVATA";"06/10/2006";"";"20368";"9191";"4645";"R"
"174";"22787";"627";"207";"207";"010627-00";"CASA DI CURA SAN GIORGIO SRL";"08";"Area non acuzie";"56";"4";"40";"Riabilitazione neuropsichiatrica";"Ricoveri ordinari";"01";"30110";"Ricoveri ordinari";"CASA DI CURA SAN GIORGIO VIA GATTINARA 16";"010627-00";"VIVERONE";"VIA GATTINARA 16  ";"PRIVATA";"01/09/2008";"";"24648";"9716";"1594";"R"
"175";"22785";"627";"207";"207";"010627-00";"CASA DI CURA SAN GIORGIO SRL";"08";"Area non acuzie";"60";"4";"40";"Lungodegenza psichiatrica";"Ricoveri ordinari";"01";"30110";"Ricoveri ordinari";"CASA DI CURA SAN GIORGIO VIA GATTINARA 16";"010627-00";"VIVERONE";"VIA GATTINARA 16  ";"PRIVATA";"01/09/2008";"";"24646";"9682";"1594";"R"
"176";"13790";"626";"207";"207";"010656-00";"POLICLINICO DI MONZA S.P.A. PRESIDIO CLINICA LA VIALARDA";"01";"Area medica";"08";"0";"01";"Cardiologia";"Ricoveri ordinari";"01";"30110";"Ricoveri ordinari";"LA VIALARDA SPA VIA RAMELLA GERMANIN ERIBERTO 26";"";"BIELLA";"VIA RAMELLA GERMANIN ERIBERTO 26  ";"PRIVATA";"03/08/2004";"";"20392";"7585";"4417";"R"
"177";"13796";"626";"207";"207";"010656-00";"POLICLINICO DI MONZA S.P.A. PRESIDIO CLINICA LA VIALARDA";"01";"Area medica";"26";"0";"01";"Medicina generale";"Ricoveri ordinari";"01";"30110";"Ricoveri ordinari";"LA VIALARDA SPA VIA RAMELLA GERMANIN ERIBERTO 26";"";"BIELLA";"VIA RAMELLA GERMANIN ERIBERTO 26  ";"PRIVATA";"03/08/2004";"";"20394";"7591";"4417";"R"
"178";"13795";"626";"207";"207";"010656-00";"POLICLINICO DI MONZA S.P.A. PRESIDIO CLINICA LA VIALARDA";"02";"Area chirurgica";"09";"0";"01";"Chirurgia generale";"Ricoveri ordinari";"01";"30110";"Ricoveri ordinari";"LA VIALARDA SPA VIA RAMELLA GERMANIN ERIBERTO 26";"";"BIELLA";"VIA RAMELLA GERMANIN ERIBERTO 26  ";"PRIVATA";"03/08/2004";"";"20397";"7590";"4417";"R"
"179";"13794";"626";"207";"207";"010656-00";"POLICLINICO DI MONZA S.P.A. PRESIDIO CLINICA LA VIALARDA";"02";"Area chirurgica";"36";"0";"01";"Ortopedia e traumatologia";"Ricoveri ordinari";"01";"30110";"Ricoveri ordinari";"LA VIALARDA SPA VIA RAMELLA GERMANIN ERIBERTO 26";"";"BIELLA";"VIA RAMELLA GERMANIN ERIBERTO 26  ";"PRIVATA";"03/08/2004";"";"20402";"7589";"4417";"R"
"180";"13792";"626";"207";"207";"010656-00";"POLICLINICO DI MONZA S.P.A. PRESIDIO CLINICA LA VIALARDA";"02";"Area chirurgica";"43";"0";"01";"Urologia";"Ricoveri ordinari";"01";"30110";"Ricoveri ordinari";"LA VIALARDA SPA VIA RAMELLA GERMANIN ERIBERTO 26";"";"BIELLA";"VIA RAMELLA GERMANIN ERIBERTO 26  ";"PRIVATA";"03/08/2004";"";"20404";"7587";"4417";"R"
"181";"23790";"626";"207";"207";"010656-00";"POLICLINICO DI MONZA S.P.A. PRESIDIO CLINICA LA VIALARDA";"07";"Area altro supporto ospedaliera";"15";"0";"01";"Poliambulatorio ospedaliero";"Attività clinica";"01";"20501";"Attività clinica";"LA VIALARDA SPA VIA RAMELLA GERMANIN ERIBERTO 26";"500132";"BIELLA";"VIA RAMELLA GERMANIN ERIBERTO 26  ";"PRIVATA";"01/01/2009";"";"";"10286";"4417";"S"
"182";"24551";"626";"207";"207";"010656-00";"POLICLINICO DI MONZA S.P.A. PRESIDIO CLINICA LA VIALARDA";"08";"Area non acuzie";"56";"0";"01";"Recupero e riabilitazione funzionale 1 livello ";"Ricoveri ordinari";"01";"30110";"Ricoveri ordinari";"LA VIALARDA SPA VIA RAMELLA GERMANIN ERIBERTO 26";"010656-00";"BIELLA";"VIA RAMELLA GERMANIN ERIBERTO 26  ";"PRIVATA";"18/02/2009";"";"27680";"10523";"4417";"R"
"183";"24552";"626";"207";"207";"010656-00";"POLICLINICO DI MONZA S.P.A. PRESIDIO CLINICA LA VIALARDA";"08";"Area non acuzie";"60";"0";"01";"Lungodegenza ";"Ricoveri ordinari";"01";"30110";"Ricoveri ordinari";"LA VIALARDA SPA VIA RAMELLA GERMANIN ERIBERTO 26";"010656-00";"BIELLA";"VIA RAMELLA GERMANIN ERIBERTO 26  ";"PRIVATA";"18/02/2009";"";"27681";"10524";"4417";"R"
"184";"6611";"626";"208";"208";"010628-00";"POLICLINICO DI MONZA SPA";"01";"Area medica";"08";"0";"01";"Cardiologia";"Ricoveri ordinari";"01";"30110";"Ricoveri ordinari";"CASA DI CURA S. GAUDENZIO NOVARA";"";"NOVARA";"VIA BOTTINI ENRICO 3  ";"PRIVATA";"01/01/2001";"";"20497";"4519";"1599";"R"
"185";"6839";"626";"208";"208";"010628-00";"POLICLINICO DI MONZA SPA";"01";"Area medica";"26";"0";"01";"Medicina generale";"Ricoveri ordinari";"01";"30110";"Ricoveri ordinari";"CASA DI CURA S. GAUDENZIO NOVARA";"";"NOVARA";"VIA BOTTINI ENRICO 3  ";"PRIVATA";"01/01/2001";"";"20500";"4738";"1599";"R"
"186";"6835";"626";"208";"208";"010628-00";"POLICLINICO DI MONZA SPA";"02";"Area chirurgica";"07";"0";"01";"Cardiochirurgia";"Ricoveri ordinari";"01";"30110";"Ricoveri ordinari";"CASA DI CURA S. GAUDENZIO NOVARA";"";"NOVARA";"VIA BOTTINI ENRICO 3  ";"PRIVATA";"29/11/1999";"";"20502";"4734";"1599";"R"
"187";"6834";"626";"208";"208";"010628-00";"POLICLINICO DI MONZA SPA";"02";"Area chirurgica";"09";"0";"01";"Chirurgia generale";"Ricoveri ordinari";"01";"30110";"Ricoveri ordinari";"CASA DI CURA S. GAUDENZIO NOVARA";"";"NOVARA";"VIA BOTTINI ENRICO 3  ";"PRIVATA";"01/01/2001";"";"20503";"4733";"1599";"R"
"188";"6837";"626";"208";"208";"010628-00";"POLICLINICO DI MONZA SPA";"02";"Area chirurgica";"30";"0";"01";"Neurochirurgia";"Ricoveri ordinari";"01";"30110";"Ricoveri ordinari";"CASA DI CURA S. GAUDENZIO NOVARA";"";"NOVARA";"VIA BOTTINI ENRICO 3  ";"PRIVATA";"29/11/1999";"";"20505";"4736";"1599";"R"
"189";"6836";"626";"208";"208";"010628-00";"POLICLINICO DI MONZA SPA";"02";"Area chirurgica";"34";"0";"01";"Oculistica";"Ricoveri ordinari";"01";"30110";"Ricoveri ordinari";"CASA DI CURA S. GAUDENZIO NOVARA";"";"NOVARA";"VIA BOTTINI ENRICO 3  ";"PRIVATA";"29/11/1999";"";"20506";"4735";"1599";"R"
"190";"6838";"626";"208";"208";"010628-00";"POLICLINICO DI MONZA SPA";"02";"Area chirurgica";"36";"0";"01";"Ortopedia e traumatologia";"Ricoveri ordinari";"01";"30110";"Ricoveri ordinari";"CASA DI CURA S. GAUDENZIO NOVARA";"";"NOVARA";"VIA BOTTINI ENRICO 3  ";"PRIVATA";"01/03/2000";"";"20508";"4737";"1599";"R"
"191";"23802";"626";"208";"208";"010628-00";"POLICLINICO DI MONZA SPA";"07";"Area altro supporto ospedaliera";"15";"0";"01";"Poliambulatorio ospedaliero";"Attività clinica";"01";"20501";"Attività clinica";"CASA DI CURA S. GAUDENZIO NOVARA";"500126";"NOVARA";"VIA BOTTINI ENRICO 3  ";"PRIVATA";"01/01/2009";"";"";"10298";"1599";"S"
"192";"6615";"630";"208";"208";"010630-00";"CASA DI CURA S.CARLO DI ARONA";"01";"Area medica";"26";"0";"01";"Medicina generale";"Ricoveri ordinari";"01";"30110";"Ricoveri ordinari";"CASA DI CURA SAN CARLO ARONA";"";"ARONA";"VIA OLEGGIO CASTELLO 8 ";"PRIVATA";"01/01/1995";"";"20499";"4523";"1600";"R"
"193";"6616";"630";"208";"208";"010630-00";"CASA DI CURA S.CARLO DI ARONA";"08";"Area non acuzie";"60";"0";"01";"Lungodegenza";"Ricoveri ordinari";"01";"30110";"Ricoveri ordinari";"CASA DI CURA SAN CARLO ARONA";"";"ARONA";"VIA OLEGGIO CASTELLO 8 ";"PRIVATA";"01/01/1999";"";"20514";"4524";"1600";"R"
"194";"6860";"630";"208";"208";"010630-00";"CASA DI CURA S.CARLO DI ARONA";"08";"Area non acuzie";"60";"0";"02";"Lungodegenza";"Ricoveri ordinari";"01";"30110";"Ricoveri ordinari";"CASA DI CURA SAN CARLO ARONA";"";"ARONA";"VIA OLEGGIO CASTELLO 8 ";"PRIVATA";"31/07/2000";"";"20516";"4758";"1600";"R"
"195";"6830";"649";"208";"208";"010649-00";"CASA DI CURA I CEDRI";"01";"Area medica";"26";"0";"01";"Medicina generale";"Ricoveri ordinari";"01";"30110";"Ricoveri ordinari";"CASA DI CURA I CEDRI FARA NOVARESE";"";"FARA NOVARESE";"LARGO DON GUANELLA 1  ";"PRIVATA";"26/03/1999";"";"20501";"4727";"2754";"R"
"196";"6871";"649";"208";"208";"010649-00";"CASA DI CURA I CEDRI";"02";"Area chirurgica";"09";"0";"01";"Chirurgia generale";"Ricoveri ordinari";"01";"30110";"Ricoveri ordinari";"CASA DI CURA I CEDRI FARA NOVARESE";"";"FARA NOVARESE";"LARGO DON GUANELLA 1  ";"PRIVATA";"22/01/2001";"";"20504";"4769";"2754";"R"
"197";"6872";"649";"208";"208";"010649-00";"CASA DI CURA I CEDRI";"02";"Area chirurgica";"34";"0";"01";"Oculistica";"Ricoveri ordinari";"01";"30110";"Ricoveri ordinari";"CASA DI CURA I CEDRI FARA NOVARESE";"";"FARA NOVARESE";"LARGO DON GUANELLA 1  ";"PRIVATA";"22/01/2001";"";"20507";"4770";"2754";"R"
"198";"6910";"649";"208";"208";"010649-00";"CASA DI CURA I CEDRI";"02";"Area chirurgica";"36";"0";"01";"Ortopedia e traumatologia";"Ricoveri ordinari";"01";"30110";"Ricoveri ordinari";"CASA DI CURA I CEDRI FARA NOVARESE";"";"FARA NOVARESE";"LARGO DON GUANELLA 1  ";"PRIVATA";"02/12/2002";"";"20509";"4807";"2754";"R"
"199";"23792";"649";"208";"208";"010649-00";"CASA DI CURA I CEDRI";"07";"Area altro supporto ospedaliera";"15";"0";"01";"Poliambulatorio ospedaliero";"Attività clinica";"01";"20501";"Attività clinica";"CASA DI CURA I CEDRI FARA NOVARESE";"500120";"FARA NOVARESE";"LARGO DON GUANELLA 1  ";"PRIVATA";"01/01/2009";"";"";"10288";"2754";"S"
"200";"6901";"649";"208";"208";"010649-00";"CASA DI CURA I CEDRI";"08";"Area non acuzie";"56";"1";"20";"Recupero e riabilitazione funzionale";"Ricoveri ordinari";"01";"30110";"Ricoveri ordinari";"CASA DI CURA I CEDRI FARA NOVARESE";"";"FARA NOVARESE";"LARGO DON GUANELLA 1  ";"PRIVATA";"01/12/2001";"";"20513";"4799";"2754";"R"
"201";"21512";"660";"208";"208";"010660-00";"CENTRO MEDICO POLISPECIALISTICO AMBULATORIALE SAN LUIGI";"02";"Area chirurgica";"98";"0";"01";"Day surgery di tipo C";"DH Surgery di tipo C";"01";"30120";"DH chirurgico ";"CENTRO MEDICO SAN LUIGI VIA PIAVE";"010660-00";"BORGOMANERO";"VIA PIAVE 2 ";"PRIVATA";"01/01/2008";"";"";"9486";"5026";"R"
"202";"30238";"665";"208";"208";"010665-00";"CASA DI CURA VILLA CRISTINA";"05";"Area psichiatria";"40";"0";"01";"Psichiatria Privati estensiva";"Ricoveri ordinari Acuzie NP";"01";"30110";"Ricoveri ordinari";"CASA DI CURA VILLA CRISTINA NEBBIUNO";"010665-00";"NEBBIUNO";"CASE SPARSE POGGIO RADIOSO A STRADA DORSALE 1 SN";"PRIVATA";"01/01/2013";"";"34375";"14109";"6211";"R"
"203";"30229";"665";"208";"208";"010665-00";"CASA DI CURA VILLA CRISTINA";"08";"Area non acuzie";"56";"4";"01";"Riabilitazione neuro-psichiatrica";"Ricoveri ordinari Riab. NP 1";"01";"30110";"Ricoveri ordinari";"CASA DI CURA VILLA CRISTINA NEBBIUNO";"010665-00";"NEBBIUNO";"CASE SPARSE POGGIO RADIOSO A STRADA DORSALE 1 SN";"PRIVATA";"01/01/2013";"";"34366";"14104";"6211";"R"
"204";"30230";"665";"208";"208";"010665-00";"CASA DI CURA VILLA CRISTINA";"08";"Area non acuzie";"56";"4";"02";"Riabilitazione neuro-psichiatrica";"Ricoveri ordinari Riab. NP 2";"01";"30110";"Ricoveri ordinari";"CASA DI CURA VILLA CRISTINA NEBBIUNO";"010665-00";"NEBBIUNO";"CASE SPARSE POGGIO RADIOSO A STRADA DORSALE 1 SN";"PRIVATA";"01/01/2013";"";"34367";"14105";"6211";"R"
"205";"30231";"665";"208";"208";"010665-00";"CASA DI CURA VILLA CRISTINA";"08";"Area non acuzie";"56";"4";"03";"Riabilitazione neuro-psichiatrica";"Ricoveri ordinari Riab. NP 3";"01";"30110";"Ricoveri ordinari";"CASA DI CURA VILLA CRISTINA NEBBIUNO";"010665-00";"NEBBIUNO";"CASE SPARSE POGGIO RADIOSO A STRADA DORSALE 1 SN";"PRIVATA";"01/01/2013";"";"34368";"14106";"6211";"R"
"206";"30232";"665";"208";"208";"010665-00";"CASA DI CURA VILLA CRISTINA";"08";"Area non acuzie";"56";"4";"04";"Riabilitazione neuro-psichiatrica";"Ricoveri ordinari Riab. NP 4";"01";"30110";"Ricoveri ordinari";"CASA DI CURA VILLA CRISTINA NEBBIUNO";"010665-00";"NEBBIUNO";"CASE SPARSE POGGIO RADIOSO A STRADA DORSALE 1 SN";"PRIVATA";"01/01/2013";"";"34369";"14107";"6211";"R"
"207";"30233";"665";"208";"208";"010665-00";"CASA DI CURA VILLA CRISTINA";"08";"Area non acuzie";"60";"4";"01";"Lungodegenza neuro-psichiatrica";"Ricoveri ordinari Lungodegenza NP";"01";"30110";"Ricoveri ordinari";"CASA DI CURA VILLA CRISTINA NEBBIUNO";"010665-00";"NEBBIUNO";"CASE SPARSE POGGIO RADIOSO A STRADA DORSALE 1 SN";"PRIVATA";"01/01/2013";"";"34370";"14108";"6211";"R"
"208";"6798";"629";"209";"209";"010629-00";"CASA DI CURA L'EREMO DI MIAZZINA";"08";"Area non acuzie";"56";"0";"01";"Recupero e riabilitazione funzionale";"Ricoveri ordinari";"01";"30110";"Ricoveri ordinari";"L' EREMO DI MIAZZINA";"";"CAMBIASCA";"VIA PER MIAZZINA 16 ";"PRIVATA";"01/01/1995";"";"20564";"4693";"1604";"R"
"209";"6799";"629";"209";"209";"010629-00";"CASA DI CURA L'EREMO DI MIAZZINA";"08";"Area non acuzie";"56";"0";"02";"Recupero e riabilitazione funzionale";"Ricoveri ordinari";"01";"30110";"Ricoveri ordinari";"L' EREMO DI MIAZZINA";"";"CAMBIASCA";"VIA PER MIAZZINA 16 ";"PRIVATA";"01/01/1995";"";"20565";"4694";"1604";"R"
"210";"6801";"629";"209";"209";"010629-00";"CASA DI CURA L'EREMO DI MIAZZINA";"08";"Area non acuzie";"56";"0";"03";"Recupero e riabilitazione funzionale";"Ricoveri ordinari";"01";"30110";"Ricoveri ordinari";"L' EREMO DI MIAZZINA";"";"CAMBIASCA";"VIA PER MIAZZINA 16 ";"PRIVATA";"01/01/1995";"";"20566";"4696";"1604";"R"
"211";"21613";"629";"209";"209";"010629-00";"CASA DI CURA L'EREMO DI MIAZZINA";"08";"Area non acuzie";"56";"1";"20";"Recupero e riabilitazione funzionale 2 livello";"Ricoveri ordinari";"01";"30110";"Ricoveri ordinari";"L' EREMO DI MIAZZINA";"";"CAMBIASCA";"VIA PER MIAZZINA 16 ";"PRIVATA";"01/10/2007";"";"22902";"9519";"1604";"R"
"212";"21614";"629";"209";"209";"010629-00";"CASA DI CURA L'EREMO DI MIAZZINA";"08";"Area non acuzie";"56";"1";"21";"Recupero e riabilitazione funzionale 2 livello";"Ricoveri ordinari";"01";"30110";"Ricoveri ordinari";"L' EREMO DI MIAZZINA";"";"CAMBIASCA";"VIA PER MIAZZINA 16 ";"PRIVATA";"01/10/2007";"";"22903";"9520";"1604";"R"
"213";"6612";"629";"209";"209";"010629-00";"CASA DI CURA L'EREMO DI MIAZZINA";"08";"Area non acuzie";"60";"0";"01";"Lungodegenza";"Ricoveri ordinari";"01";"30110";"Ricoveri ordinari";"L' EREMO DI MIAZZINA";"";"CAMBIASCA";"VIA PER MIAZZINA 16 ";"PRIVATA";"01/01/1995";"";"20568";"4520";"1604";"R"
"214";"6861";"629";"209";"209";"010629-00";"CASA DI CURA L'EREMO DI MIAZZINA";"08";"Area non acuzie";"60";"0";"02";"Lungodegenza";"Ricoveri ordinari";"01";"30110";"Ricoveri ordinari";"L' EREMO DI MIAZZINA";"";"CAMBIASCA";"VIA PER MIAZZINA 16 ";"PRIVATA";"31/07/2000";"";"20569";"4759";"1604";"R"
"215";"21611";"629";"209";"209";"010629-00";"CASA DI CURA L'EREMO DI MIAZZINA";"08";"Area non acuzie";"60";"0";"03";"Lungodegenza ";"Ricoveri ordinari";"01";"30110";"Ricoveri ordinari";"L' EREMO DI MIAZZINA";"";"CAMBIASCA";"VIA PER MIAZZINA 16 ";"PRIVATA";"01/10/2007";"";"22900";"9517";"1604";"R"
"216";"21612";"629";"209";"209";"010629-00";"CASA DI CURA L'EREMO DI MIAZZINA";"08";"Area non acuzie";"60";"0";"04";"Lungodegenza ";"Ricoveri ordinari";"01";"30110";"Ricoveri ordinari";"L' EREMO DI MIAZZINA";"";"CAMBIASCA";"VIA PER MIAZZINA 16 ";"PRIVATA";"01/10/2007";"";"22901";"9518";"1604";"R"
"217";"6627";"633";"210";"210";"010633-00";"EX ISTITUTO CLIMATICO DI ROBILANTE DEL DOTT. GIOVANNI CAPITOLO";"01";"Area medica";"68";"0";"01";"Pneumologia";"Ricoveri ordinari";"01";"30110";"Ricoveri ordinari";"ISTITUTO CLIMATICO DI ROBILANTE";"";"ROBILANTE";"STRADA VALLONE FANTINO 2  ";"PRIVATA";"01/01/1995";"";"20591";"4535";"1605";"R"
"218";"6626";"633";"210";"210";"010633-00";"EX ISTITUTO CLIMATICO DI ROBILANTE DEL DOTT. GIOVANNI CAPITOLO";"08";"Area non acuzie";"56";"0";"01";"Recupero e riabilitazione funzionale";"Ricoveri ordinari";"01";"30110";"Ricoveri ordinari";"ISTITUTO CLIMATICO DI ROBILANTE";"";"ROBILANTE";"STRADA VALLONE FANTINO 2  ";"PRIVATA";"28/01/1998";"";"20601";"4534";"1605";"R"
"219";"6809";"633";"210";"210";"010633-00";"EX ISTITUTO CLIMATICO DI ROBILANTE DEL DOTT. GIOVANNI CAPITOLO";"08";"Area non acuzie";"56";"0";"02";"Recupero e riabilitazione funzionale";"Ricoveri ordinari";"01";"30110";"Ricoveri ordinari";"ISTITUTO CLIMATICO DI ROBILANTE";"";"ROBILANTE";"STRADA VALLONE FANTINO 2  ";"PRIVATA";"28/01/1998";"";"20600";"4704";"1605";"R"
"220";"6812";"633";"210";"210";"010633-00";"EX ISTITUTO CLIMATICO DI ROBILANTE DEL DOTT. GIOVANNI CAPITOLO";"08";"Area non acuzie";"56";"0";"04";"Recupero e riabilitazione funzionale";"Ricoveri ordinari";"01";"30110";"Ricoveri ordinari";"ISTITUTO CLIMATICO DI ROBILANTE";"";"ROBILANTE";"STRADA VALLONE FANTINO 2  ";"PRIVATA";"28/01/1998";"";"20595";"4707";"1605";"R"
"221";"6833";"633";"210";"210";"010633-00";"EX ISTITUTO CLIMATICO DI ROBILANTE DEL DOTT. GIOVANNI CAPITOLO";"08";"Area non acuzie";"60";"0";"01";"Lungodegenza";"Ricoveri ordinari";"01";"30110";"Ricoveri ordinari";"ISTITUTO CLIMATICO DI ROBILANTE";"";"ROBILANTE";"STRADA VALLONE FANTINO 2  ";"PRIVATA";"01/03/2000";"";"20604";"4732";"1605";"R"
"222";"6628";"634";"210";"210";"010634-00";"CASA DI CURA MONTESERRAT S.R.L";"08";"Area non acuzie";"60";"0";"01";"Lungodegenza";"Ricoveri ordinari";"01";"30110";"Ricoveri ordinari";"CASA DI CURA MONTESERRAT BORGO SAN DALMAZZO";"";"BORGO SAN DALMAZZO";"STRADA TETTO SANT'ANTONIO ARADOLO 34  ";"PRIVATA";"01/01/1988";"";"20602";"4536";"1606";"R"
"223";"6813";"634";"210";"210";"010634-00";"CASA DI CURA MONTESERRAT S.R.L";"08";"Area non acuzie";"60";"0";"02";"Lungodegenza";"Ricoveri ordinari";"01";"30110";"Ricoveri ordinari";"CASA DI CURA MONTESERRAT BORGO SAN DALMAZZO";"";"BORGO SAN DALMAZZO";"STRADA TETTO SANT'ANTONIO ARADOLO 34  ";"PRIVATA";"01/01/1995";"";"20605";"4710";"1606";"R"
"224";"18272";"634";"210";"210";"010634-00";"CASA DI CURA MONTESERRAT S.R.L";"08";"Area non acuzie";"60";"0";"04";"Lungodegenza ";"Ricoveri ordinari";"01";"30110";"Ricoveri ordinari";"CASA DI CURA MONTESERRAT BORGO SAN DALMAZZO";"010634-00";"BORGO SAN DALMAZZO";"STRADA TETTO SANT'ANTONIO ARADOLO 34  ";"PRIVATA";"29/12/2004";"";"20603";"8835";"1606";"R"
"225";"6885";"647";"210";"210";"010647-00";"FONDAZIONE ORIZZONTE SPERANZA - ONLUS";"08";"Area non acuzie";"56";"1";"20";"Recupero e riabilitazione funzionale";"Ricoveri ordinari";"01";"30110";"Ricoveri ordinari";"CASA DI CURA STELLA DEL MATTINO BOVES";"";"BOVES";"VIA MELLANA 7  ";"PRIVATA";"01/10/2001";"";"20597";"4783";"1608";"R"
"226";"6886";"647";"210";"210";"010647-00";"FONDAZIONE ORIZZONTE SPERANZA - ONLUS";"08";"Area non acuzie";"56";"1";"21";"Recupero e riabilitazione funzionale";"Ricoveri ordinari";"01";"30110";"Ricoveri ordinari";"CASA DI CURA STELLA DEL MATTINO BOVES";"";"BOVES";"VIA MELLANA 7  ";"PRIVATA";"01/10/2001";"";"20599";"4784";"1608";"R"
"227";"6887";"647";"210";"210";"010647-00";"FONDAZIONE ORIZZONTE SPERANZA - ONLUS";"08";"Area non acuzie";"56";"1";"22";"Recupero e riabilitazione funzionale";"Ricoveri ordinari";"01";"30110";"Ricoveri ordinari";"CASA DI CURA STELLA DEL MATTINO BOVES";"";"BOVES";"VIA MELLANA 7  ";"PRIVATA";"01/10/2001";"";"20598";"4785";"1608";"R"
"228";"21392";"659";"210";"210";"010659-00";"S.r.l. TERAPEUTICENTER - Istituto Medico Chirurgico";"02";"Area chirurgica";"98";"0";"01";"Day surgery Terapeuticenter";"DH chirurgico Terapeutic center caramagna";"01";"30120";"DH chirurgico ";"CASA DI CURA PRIVATA TERAPEUTICENTER";"010659-00";"CARAMAGNA PIEMONTE";"STRADA CARMAGNOLA 68 ";"PRIVATA";"01/04/2007";"";"";"9361";"5023";"R"
"229";"6617";"631";"211";"211";"010631-00";"CASA DI CURA SAN MICHELE";"05";"Area psichiatria";"40";"0";"01";"Acuzie N.P.";"Ricoveri ordinari";"01";"30110";"Ricoveri ordinari";"SAN MICHELE STRADA S. MICHELE, 2 BRA";"";"BRA";"STRADA SAN MICHELE 2 ";"PRIVATA";"01/01/1995";"";"20691";"4525";"1619";"R"
"230";"23915";"631";"211";"211";"010631-00";"CASA DI CURA SAN MICHELE";"08";"Area non acuzie";"56";"4";"40";"Riabilitazione neuro-psichiatrica";"Ricoveri ordinari";"40";"30110";"Ricoveri ordinari";"SAN MICHELE STRADA S. MICHELE, 2 BRA";"010631-00";"BRA";"STRADA SAN MICHELE 2 ";"PRIVATA";"01/01/1988";"";"26635";"10347";"1619";"R"
"231";"23916";"631";"211";"211";"010631-00";"CASA DI CURA SAN MICHELE";"08";"Area non acuzie";"56";"4";"41";"Riabilitazione neuro-psichiatrica";"Ricoveri ordinari";"01";"30110";"Ricoveri ordinari";"SAN MICHELE STRADA S. MICHELE, 2 BRA";"010631-00";"BRA";"STRADA SAN MICHELE 2 ";"PRIVATA";"01/01/1988";"";"26636";"10351";"1619";"R"
"232";"23917";"631";"211";"211";"010631-00";"CASA DI CURA SAN MICHELE";"08";"Area non acuzie";"60";"4";"40";"Lungodegenza neuro-psichiatrica";"Ricoveri ordinari";"40";"30110";"Ricoveri ordinari";"SAN MICHELE STRADA S. MICHELE, 2 BRA";"010631-00";"BRA";"STRADA SAN MICHELE 2 ";"PRIVATA";"01/01/1988";"";"26637";"10352";"1619";"R"
"233";"6620";"632";"211";"211";"010632-00";"CASA DI CURA CITTA' DI BRA";"01";"Area medica";"26";"0";"01";"Medicina generale";"Ricoveri ordinari";"01";"30110";"Ricoveri ordinari";"CITTA'  DI BRA STRADA MONTENERO,1 BRA";"";"BRA";"STRADA MONTENERO 1  ";"PRIVATA";"08/06/1998";"";"20683";"4528";"1620";"R"
"234";"6618";"632";"211";"211";"010632-00";"CASA DI CURA CITTA' DI BRA";"02";"Area chirurgica";"09";"0";"01";"Chirurgia generale";"Ricoveri ordinari";"01";"30110";"Ricoveri ordinari";"CITTA'  DI BRA STRADA MONTENERO,1 BRA";"";"BRA";"STRADA MONTENERO 1  ";"PRIVATA";"01/01/1995";"";"20685";"4526";"1620";"R"
"235";"6619";"632";"211";"211";"010632-00";"CASA DI CURA CITTA' DI BRA";"02";"Area chirurgica";"14";"0";"01";"Chirurgia vascolare";"Ricoveri ordinari";"01";"30110";"Ricoveri ordinari";"CITTA'  DI BRA STRADA MONTENERO,1 BRA";"";"BRA";"STRADA MONTENERO 1  ";"PRIVATA";"01/01/1995";"";"20686";"4527";"1620";"R"
"236";"6622";"632";"211";"211";"010632-00";"CASA DI CURA CITTA' DI BRA";"02";"Area chirurgica";"34";"0";"01";"Oculistica";"Ricoveri ordinari";"01";"30110";"Ricoveri ordinari";"CITTA'  DI BRA STRADA MONTENERO,1 BRA";"";"BRA";"STRADA MONTENERO 1  ";"PRIVATA";"01/12/1998";"";"20687";"4530";"1620";"R"
"237";"6623";"632";"211";"211";"010632-00";"CASA DI CURA CITTA' DI BRA";"02";"Area chirurgica";"36";"0";"01";"Ortopedia e traumatologia";"Ricoveri ordinari";"01";"30110";"Ricoveri ordinari";"CITTA'  DI BRA STRADA MONTENERO,1 BRA";"";"BRA";"STRADA MONTENERO 1  ";"PRIVATA";"01/01/1995";"";"20688";"4531";"1620";"R"
"238";"6898";"632";"211";"211";"010632-00";"CASA DI CURA CITTA' DI BRA";"02";"Area chirurgica";"38";"0";"01";"Otorinolaringoiatria";"Ricoveri ordinari";"01";"30110";"Ricoveri ordinari";"CITTA'  DI BRA STRADA MONTENERO,1 BRA";"";"BRA";"STRADA MONTENERO 1  ";"PRIVATA";"16/07/2001";"";"20689";"4796";"1620";"R"
"239";"6877";"632";"211";"211";"010632-00";"CASA DI CURA CITTA' DI BRA";"02";"Area chirurgica";"43";"0";"01";"Urologia";"Ricoveri ordinari";"01";"30110";"Ricoveri ordinari";"CITTA'  DI BRA STRADA MONTENERO,1 BRA";"";"BRA";"STRADA MONTENERO 1  ";"PRIVATA";"16/07/2001";"";"20690";"4775";"1620";"R"
"240";"21653";"632";"211";"211";"010632-00";"CASA DI CURA CITTA' DI BRA";"02";"Area chirurgica";"98";"0";"01";"Day surgery";"Day surgery";"01";"30120";"DH chirurgico ";"CITTA'  DI BRA STRADA MONTENERO,1 BRA";"010632-00";"BRA";"STRADA MONTENERO 1  ";"PRIVATA";"01/01/1988";"";"";"9538";"1620";"R"
"241";"23804";"632";"211";"211";"010632-00";"CASA DI CURA CITTA' DI BRA";"07";"Area altro supporto ospedaliera";"15";"0";"01";"Poliambulatorio ospedaliero";"Attività clinica";"01";"20501";"Attività clinica";"CITTA'  DI BRA STRADA MONTENERO,1 BRA";"500073";"BRA";"STRADA MONTENERO 1  ";"PRIVATA";"01/01/2009";"";"";"10300";"1620";"S"
"242";"24305";"632";"211";"211";"010632-00";"CASA DI CURA CITTA' DI BRA";"08";"Area non acuzie";"56";"4";"01";"Riabilitazione neuro-psichiatrica";"Ricoveri ordinari";"01";"30110";"Ricoveri ordinari";"CITTA'  DI BRA STRADA MONTENERO,1 BRA";"010632-00";"BRA";"STRADA MONTENERO 1  ";"PRIVATA";"19/01/2009";"";"27250";"10481";"1620";"R"
"243";"24304";"632";"211";"211";"010632-00";"CASA DI CURA CITTA' DI BRA";"08";"Area non acuzie";"60";"4";"01";"Lungodegenza neuro-psichiatrica";"Ricoveri ordinari";"01";"30110";"Ricoveri ordinari";"CITTA'  DI BRA STRADA MONTENERO,1 BRA";"010632-00";"BRA";"STRADA MONTENERO 1  ";"PRIVATA";"19/01/2009";"";"27249";"10482";"1620";"R"
"244";"6817";"635";"211";"211";"010635-00";"CASA DI CURA ""LA RESIDENZA""";"08";"Area non acuzie";"56";"0";"04";"Recupero e riabilitazione funzionale";"Ricoveri ordinari";"01";"30110";"Ricoveri ordinari";"LA RESIDENZA VIA ROMA, 1 RODELLO";"";"RODELLO";"VIA ROMA 1  ";"PRIVATA";"01/01/1995";"";"20716";"4714";"1621";"R"
"245";"6888";"635";"211";"211";"010635-00";"CASA DI CURA ""LA RESIDENZA""";"08";"Area non acuzie";"56";"1";"20";"Recupero e riabilitazione funzionale";"Ricoveri ordinari";"01";"30110";"Ricoveri ordinari";"LA RESIDENZA VIA ROMA, 1 RODELLO";"";"RODELLO";"VIA ROMA 1  ";"PRIVATA";"31/12/2001";"";"20713";"4786";"1621";"R"
"246";"6889";"635";"211";"211";"010635-00";"CASA DI CURA ""LA RESIDENZA""";"08";"Area non acuzie";"56";"1";"21";"Recupero e riabilitazione funzionale";"Ricoveri ordinari";"01";"30110";"Ricoveri ordinari";"LA RESIDENZA VIA ROMA, 1 RODELLO";"";"RODELLO";"VIA ROMA 1  ";"PRIVATA";"31/12/2001";"";"20712";"4787";"1621";"R"
"247";"6890";"635";"211";"211";"010635-00";"CASA DI CURA ""LA RESIDENZA""";"08";"Area non acuzie";"56";"1";"22";"Recupero e riabilitazione funzionale";"Ricoveri ordinari";"01";"30110";"Ricoveri ordinari";"LA RESIDENZA VIA ROMA, 1 RODELLO";"";"RODELLO";"VIA ROMA 1  ";"PRIVATA";"31/12/2001";"";"20711";"4788";"1621";"R"
"248";"6551";"639";"212";"212";"010639-00";"CASA DI CURA S. ANNA SPA";"08";"Area non acuzie";"56";"0";"01";"Recupero e riabilitazione funzionale";"Ricoveri ordinari";"01";"30110";"Ricoveri ordinari";"CASA DI CURA S. ANNA SPA";"";"ASTI";"VIA URBANI 46  ";"PRIVATA";"01/01/1988";"";"20802";"4461";"1629";"R"
"249";"6818";"639";"212";"212";"010639-00";"CASA DI CURA S. ANNA SPA";"08";"Area non acuzie";"56";"0";"02";"Recupero e riabilitazione funzionale";"Ricoveri ordinari";"01";"30110";"Ricoveri ordinari";"CASA DI CURA S. ANNA SPA";"";"ASTI";"VIA URBANI 46  ";"PRIVATA";"27/11/1997";"";"20803";"4715";"1629";"R"
"250";"30298";"639";"212";"212";"010639-00";"CASA DI CURA S. ANNA SPA";"08";"Area non acuzie";"56";"0";"03";"Recupero e riabilitazione funzionale 1 livello ";"Ricoveri ordinari";"01";"30110";"Ricoveri ordinari";"CASA DI CURA S. ANNA SPA";"010639-00";"ASTI";"VIA URBANI 46  ";"PRIVATA";"18/12/2012";"";"34565";"14123";"1629";"R"
"251";"6893";"639";"212";"212";"010639-00";"CASA DI CURA S. ANNA SPA";"08";"Area non acuzie";"56";"1";"20";"Recupero e riabilitazione funzionale";"Ricoveri ordinari";"01";"30110";"Ricoveri ordinari";"CASA DI CURA S. ANNA SPA";"";"ASTI";"VIA URBANI 46  ";"PRIVATA";"20/12/2001";"";"20804";"4791";"1629";"R"
"252";"6894";"639";"212";"212";"010639-00";"CASA DI CURA S. ANNA SPA";"08";"Area non acuzie";"56";"1";"21";"Recupero e riabilitazione funzionale";"Ricoveri ordinari";"01";"30110";"Ricoveri ordinari";"CASA DI CURA S. ANNA SPA";"";"ASTI";"VIA URBANI 46  ";"PRIVATA";"20/12/2001";"";"20805";"4792";"1629";"R"
"253";"30299";"639";"212";"212";"010639-00";"CASA DI CURA S. ANNA SPA";"08";"Area non acuzie";"60";"0";"01";"Lungodegenza ";"Ricoveri ordinari";"01";"30110";"Ricoveri ordinari";"CASA DI CURA S. ANNA SPA";"010639-00";"ASTI";"VIA URBANI 46  ";"PRIVATA";"18/12/2012";"";"34566";"14124";"1629";"R"
"254";"6912";"654";"212";"212";"010654-00";"CENTRO CHIRURGICO GUTTUARI";"07";"Area altro supporto ospedaliera";"02";"0";"01";"Day-hospital multispecialistico";"DH chirurgico";"01";"30120";"DH chirurgico ";"CENTRO CHIRURGICO GUTTUARI";"";"ASTI";"VIA GUTTUARI 22  ";"PRIVATA";"29/07/2002";"";"";"4809";"3612";"R"
"255";"23841";"654";"212";"212";"010654-00";"CENTRO CHIRURGICO GUTTUARI";"07";"Area altro supporto ospedaliera";"15";"0";"01";"Poliambulatorio ospedaliero";"Attività clinica";"01";"20501";"Attività clinica";"CENTRO CHIRURGICO GUTTUARI";"500170";"ASTI";"VIA GUTTUARI 22  ";"PRIVATA";"01/01/2009";"";"";"10328";"3612";"S"
"256";"6555";"626";"213";"213";"010640-00";"POLICLINICO DI MONZA PRESIDIO SALUS";"01";"Area medica";"26";"0";"01";"Medicina generale";"Ricoveri ordinari";"01";"30110";"Ricoveri ordinari";"CLINICA SALUS ALESSANDRIA";"";"ALESSANDRIA";"VIA TROTTI 21  ";"PRIVATA";"01/01/1995";"";"20923";"4465";"1632";"R"
"257";"6851";"626";"213";"213";"010640-00";"POLICLINICO DI MONZA PRESIDIO SALUS";"01";"Area medica";"32";"0";"01";"Neurologia";"Ricoveri ordinari";"01";"30110";"Ricoveri ordinari";"CLINICA SALUS ALESSANDRIA";"";"ALESSANDRIA";"VIA TROTTI 21  ";"PRIVATA";"02/11/2000";"";"20925";"4750";"1632";"R"
"258";"6553";"626";"213";"213";"010640-00";"POLICLINICO DI MONZA PRESIDIO SALUS";"02";"Area chirurgica";"09";"0";"01";"Chirurgia generale";"Ricoveri ordinari";"01";"30110";"Ricoveri ordinari";"CLINICA SALUS ALESSANDRIA";"";"ALESSANDRIA";"VIA TROTTI 21  ";"PRIVATA";"01/01/1995";"";"20927";"4463";"1632";"R"
"259";"6556";"626";"213";"213";"010640-00";"POLICLINICO DI MONZA PRESIDIO SALUS";"02";"Area chirurgica";"36";"0";"01";"Ortopedia e traumatologia";"Ricoveri ordinari";"01";"30110";"Ricoveri ordinari";"CLINICA SALUS ALESSANDRIA";"";"ALESSANDRIA";"VIA TROTTI 21  ";"PRIVATA";"01/01/1995";"";"20931";"4466";"1632";"R"
"260";"29146";"626";"213";"213";"010640-00";"POLICLINICO DI MONZA PRESIDIO SALUS";"02";"Area chirurgica";"98";"0";"01";"Day surgery";"DH chirurgico ";"01";"30120";"DH chirurgico ";"CLINICA SALUS ALESSANDRIA";"010640-00";"ALESSANDRIA";"VIA TROTTI 21  ";"PRIVATA";"01/07/2001";"";"";"13745";"1632";"R"
"261";"23833";"626";"213";"213";"010640-00";"POLICLINICO DI MONZA PRESIDIO SALUS";"07";"Area altro supporto ospedaliera";"15";"0";"01";"Poliambulatorio ospedaliero";"Attività clinica";"01";"20501";"Attività clinica";"CLINICA SALUS ALESSANDRIA";"500079";"ALESSANDRIA";"VIA TROTTI 21  ";"PRIVATA";"01/01/2009";"";"";"10320";"1632";"S"
"262";"28973";"626";"213";"213";"010640-00";"POLICLINICO DI MONZA PRESIDIO SALUS";"08";"Area non acuzie";"56";"0";"03";"RRF I liv";"Ricoveri ordinari";"01";"30110";"Ricoveri ordinari";"CLINICA SALUS ALESSANDRIA";"010640-00";"ALESSANDRIA";"VIA TROTTI 21  ";"PRIVATA";"19/10/2009";"";"32660";"13661";"1632";"R"
"263";"6879";"626";"213";"213";"010640-00";"POLICLINICO DI MONZA PRESIDIO SALUS";"08";"Area non acuzie";"56";"1";"20";"RRF II liv";"Ricoveri ordinari RRF II liv";"01";"30110";"Ricoveri ordinari";"CLINICA SALUS ALESSANDRIA";"010640-00";"ALESSANDRIA";"VIA TROTTI 21  ";"PRIVATA";"01/07/2001";"";"20941";"4777";"1632";"R"
"264";"6881";"626";"213";"213";"010640-00";"POLICLINICO DI MONZA PRESIDIO SALUS";"08";"Area non acuzie";"56";"1";"22";"Recupero e riabilitazione funzionale II liv";"Ricoveri ordinari RRF II liv";"01";"30110";"Ricoveri ordinari";"CLINICA SALUS ALESSANDRIA";"";"ALESSANDRIA";"VIA TROTTI 21  ";"PRIVATA";"01/07/2001";"";"20940";"4779";"1632";"R"
"265";"28972";"626";"213";"213";"010640-00";"POLICLINICO DI MONZA PRESIDIO SALUS";"08";"Area non acuzie";"60";"0";"02";"Lungodegenza ";"Ricoveri ordinari";"01";"30110";"Ricoveri ordinari";"CLINICA SALUS ALESSANDRIA";"010640-00";"ALESSANDRIA";"VIA TROTTI 21  ";"PRIVATA";"19/10/2009";"";"32659";"13660";"1632";"R"
"266";"6843";"626";"213";"213";"010640-00";"POLICLINICO DI MONZA PRESIDIO SALUS";"08";"Area non acuzie";"75";"0";"01";"Gravi cerebrolesioni RRF III liv";"Ricoveri ordinari RRF III liv";"01";"30110";"Ricoveri ordinari";"CLINICA SALUS ALESSANDRIA";"";"ALESSANDRIA";"VIA TROTTI 21  ";"PRIVATA";"09/10/2000";"";"20944";"4742";"1632";"R"
"267";"6564";"641";"213";"213";"010641-00";"CASA DI CURA VILLA IGEA";"01";"Area medica";"26";"0";"01";"Medicina generale";"Ricoveri ordinari";"01";"30110";"Ricoveri ordinari";"CASA DI CURA VILLA IGEA";"";"ACQUI TERME";"STRADA MOIRANO 2 ";"PRIVATA";"01/08/1997";"";"20973";"4473";"1636";"R"
"268";"6563";"641";"213";"213";"010641-00";"CASA DI CURA VILLA IGEA";"02";"Area chirurgica";"09";"0";"01";"Chirurgia generale";"DH chirurgico";"01";"30120";"DH chirurgico ";"CASA DI CURA VILLA IGEA";"";"ACQUI TERME";"STRADA MOIRANO 2 ";"PRIVATA";"30/12/2001";"";"20975";"4472";"1636";"R"
"269";"6562";"641";"213";"213";"010641-00";"CASA DI CURA VILLA IGEA";"02";"Area chirurgica";"09";"0";"01";"Chirurgia generale";"Ricoveri ordinari";"01";"30110";"Ricoveri ordinari";"CASA DI CURA VILLA IGEA";"";"ACQUI TERME";"STRADA MOIRANO 2 ";"PRIVATA";"01/08/1997";"";"20974";"4472";"1636";"R"
"270";"6566";"641";"213";"213";"010641-00";"CASA DI CURA VILLA IGEA";"02";"Area chirurgica";"36";"0";"01";"Ortopedia e traumatologia";"DH chirurgico";"01";"30120";"DH chirurgico ";"CASA DI CURA VILLA IGEA";"";"ACQUI TERME";"STRADA MOIRANO 2 ";"PRIVATA";"30/12/2001";"";"20977";"4474";"1636";"R"
"271";"6565";"641";"213";"213";"010641-00";"CASA DI CURA VILLA IGEA";"02";"Area chirurgica";"36";"0";"01";"Ortopedia e traumatologia";"Ricoveri ordinari";"01";"30110";"Ricoveri ordinari";"CASA DI CURA VILLA IGEA";"";"ACQUI TERME";"STRADA MOIRANO 2 ";"PRIVATA";"01/08/1997";"";"20976";"4474";"1636";"R"
"272";"23836";"641";"213";"213";"010641-00";"CASA DI CURA VILLA IGEA";"07";"Area altro supporto ospedaliera";"15";"0";"01";"Poliambulatorio ospedaliero";"Attività clinica";"01";"20501";"Attività clinica";"CASA DI CURA VILLA IGEA";"500102";"ACQUI TERME";"STRADA MOIRANO 2 ";"PRIVATA";"01/01/2009";"";"";"10323";"1636";"S"
"273";"24402";"641";"213";"213";"010641-00";"CASA DI CURA VILLA IGEA";"08";"Area non acuzie";"56";"0";"01";"Recupero e riabilitazione funzionale I liv.";"Ricoveri ordinari";"01";"30110";"Ricoveri ordinari";"CASA DI CURA VILLA IGEA";"010641-00";"ACQUI TERME";"STRADA MOIRANO 2 ";"PRIVATA";"06/04/2009";"";"27427";"10503";"1636";"R"
"274";"6900";"641";"213";"213";"010641-00";"CASA DI CURA VILLA IGEA";"08";"Area non acuzie";"56";"1";"20";"Recupero e riabilitazione funzionale II liv.";"Ricoveri ordinari";"01";"30110";"Ricoveri ordinari";"CASA DI CURA VILLA IGEA";"";"ACQUI TERME";"STRADA MOIRANO 2 ";"PRIVATA";"01/12/2001";"";"20979";"4798";"1636";"R"
"275";"6568";"642";"213";"213";"010642-00";"CASA DI CURA SANT'ANNA";"01";"Area medica";"26";"0";"01";"Medicina generale";"Ricoveri ordinari";"01";"30110";"Ricoveri ordinari";"CASA DI CURA SANT'ANNA";"";"CASALE MONFERRATO";"VIALE CAVALLI D'OLIVOLA 22  ";"PRIVATA";"29/07/1998";"";"20962";"4476";"1653";"R"
"276";"17708";"642";"213";"213";"010642-00";"CASA DI CURA SANT'ANNA";"02";"Area chirurgica";"09";"0";"01";"Chirurgia generale";"DH chirurgico ";"01";"30120";"DH chirurgico ";"CASA DI CURA SANT'ANNA";"010642-00";"CASALE MONFERRATO";"VIALE CAVALLI D'OLIVOLA 22  ";"PRIVATA";"01/01/1988";"";"20964";"4475";"1653";"R"
"277";"6567";"642";"213";"213";"010642-00";"CASA DI CURA SANT'ANNA";"02";"Area chirurgica";"09";"0";"01";"Chirurgia generale";"Ricoveri ordinari";"01";"30110";"Ricoveri ordinari";"CASA DI CURA SANT'ANNA";"";"CASALE MONFERRATO";"VIALE CAVALLI D'OLIVOLA 22  ";"PRIVATA";"29/07/1998";"";"20963";"4475";"1653";"R"
"278";"17710";"642";"213";"213";"010642-00";"CASA DI CURA SANT'ANNA";"02";"Area chirurgica";"34";"0";"01";"Oculistica";"DH chirurgico ";"01";"30120";"DH chirurgico ";"CASA DI CURA SANT'ANNA";"010642-00";"CASALE MONFERRATO";"VIALE CAVALLI D'OLIVOLA 22  ";"PRIVATA";"29/07/1998";"";"20966";"4716";"1653";"R"
"279";"6819";"642";"213";"213";"010642-00";"CASA DI CURA SANT'ANNA";"02";"Area chirurgica";"34";"0";"01";"Oculistica";"Ricoveri ordinari";"01";"30110";"Ricoveri ordinari";"CASA DI CURA SANT'ANNA";"";"CASALE MONFERRATO";"VIALE CAVALLI D'OLIVOLA 22  ";"PRIVATA";"29/07/1998";"";"20965";"4716";"1653";"R"
"280";"17709";"642";"213";"213";"010642-00";"CASA DI CURA SANT'ANNA";"02";"Area chirurgica";"36";"0";"01";"Ortopedia e traumatologia";"DH chirurgico ";"01";"30120";"DH chirurgico ";"CASA DI CURA SANT'ANNA";"010642-00";"CASALE MONFERRATO";"VIALE CAVALLI D'OLIVOLA 22  ";"PRIVATA";"29/07/1998";"";"20968";"4717";"1653";"R"
"281";"6820";"642";"213";"213";"010642-00";"CASA DI CURA SANT'ANNA";"02";"Area chirurgica";"36";"0";"01";"Ortopedia e traumatologia";"Ricoveri ordinari";"01";"30110";"Ricoveri ordinari";"CASA DI CURA SANT'ANNA";"";"CASALE MONFERRATO";"VIALE CAVALLI D'OLIVOLA 22  ";"PRIVATA";"29/07/1998";"";"20967";"4717";"1653";"R"
"282";"17711";"642";"213";"213";"010642-00";"CASA DI CURA SANT'ANNA";"03";"Area materno-infantile";"37";"0";"01";"Ostetricia e ginecologia";"DH chirurgico ";"01";"30120";"DH chirurgico ";"CASA DI CURA SANT'ANNA";"010642-00";"CASALE MONFERRATO";"VIALE CAVALLI D'OLIVOLA 22  ";"PRIVATA";"01/01/1988";"";"20970";"4477";"1653";"R"
"283";"6569";"642";"213";"213";"010642-00";"CASA DI CURA SANT'ANNA";"03";"Area materno-infantile";"37";"0";"01";"Ostetricia e ginecologia";"Ricoveri ordinari";"01";"30110";"Ricoveri ordinari";"CASA DI CURA SANT'ANNA";"";"CASALE MONFERRATO";"VIALE CAVALLI D'OLIVOLA 22  ";"PRIVATA";"06/08/1997";"";"20969";"4477";"1653";"R"
"284";"23794";"642";"213";"213";"010642-00";"CASA DI CURA SANT'ANNA";"07";"Area altro supporto ospedaliera";"15";"0";"01";"Poliambulatorio ospedaliero";"Attività clinica";"01";"20501";"Attività clinica";"CASA DI CURA SANT'ANNA";"500108";"CASALE MONFERRATO";"VIALE CAVALLI D'OLIVOLA 22  ";"PRIVATA";"01/01/2009";"";"";"10290";"1653";"S"
"285";"6821";"642";"213";"213";"010642-00";"CASA DI CURA SANT'ANNA";"08";"Area non acuzie";"60";"0";"01";"Lungodegenza";"Ricoveri ordinari";"01";"30110";"Ricoveri ordinari";"CASA DI CURA SANT'ANNA";"";"CASALE MONFERRATO";"VIALE CAVALLI D'OLIVOLA 22  ";"PRIVATA";"29/07/1998";"";"20971";"4718";"1653";"R"
"286";"13241";"643";"213";"213";"010643-00";"CITTA' DI ALESSANDRIA POLICLINICO DI MONZA SPA";"01";"Area medica";"08";"0";"01";"Cardiologia";"Attività clinica";"01";"20501";"Attività clinica";"CITTA' DI ALESSANDRIA POLICLINICO DI MONZA SPA";"500078";"ALESSANDRIA";"VIA MOCCAGATTA VITTORIO 30  ";"PRIVATA";"15/12/1998";"";"20922";"4719";"1633";"S"
"287";"6822";"643";"213";"213";"010643-00";"CITTA' DI ALESSANDRIA POLICLINICO DI MONZA SPA";"01";"Area medica";"08";"0";"01";"Cardiologia";"Ricoveri ordinari";"01";"30110";"Ricoveri ordinari";"CITTA' DI ALESSANDRIA POLICLINICO DI MONZA SPA";"";"ALESSANDRIA";"VIA MOCCAGATTA VITTORIO 30  ";"PRIVATA";"15/12/1998";"";"20921";"4719";"1633";"R"
"288";"6572";"643";"213";"213";"010643-00";"CITTA' DI ALESSANDRIA POLICLINICO DI MONZA SPA";"01";"Area medica";"26";"0";"01";"Medicina generale";"Ricoveri ordinari";"01";"30110";"Ricoveri ordinari";"CITTA' DI ALESSANDRIA POLICLINICO DI MONZA SPA";"";"ALESSANDRIA";"VIA MOCCAGATTA VITTORIO 30  ";"PRIVATA";"01/01/1995";"";"20924";"4480";"1633";"R"
"289";"6570";"643";"213";"213";"010643-00";"CITTA' DI ALESSANDRIA POLICLINICO DI MONZA SPA";"02";"Area chirurgica";"07";"0";"01";"Cardiochirurgia";"Ricoveri ordinari";"01";"30110";"Ricoveri ordinari";"CITTA' DI ALESSANDRIA POLICLINICO DI MONZA SPA";"";"ALESSANDRIA";"VIA MOCCAGATTA VITTORIO 30  ";"PRIVATA";"02/03/1998";"";"20926";"4478";"1633";"R"
"290";"6571";"643";"213";"213";"010643-00";"CITTA' DI ALESSANDRIA POLICLINICO DI MONZA SPA";"02";"Area chirurgica";"09";"0";"01";"Chirurgia generale";"Ricoveri ordinari";"01";"30110";"Ricoveri ordinari";"CITTA' DI ALESSANDRIA POLICLINICO DI MONZA SPA";"";"ALESSANDRIA";"VIA MOCCAGATTA VITTORIO 30  ";"PRIVATA";"01/01/1995";"";"20928";"4479";"1633";"R"
"291";"6573";"643";"213";"213";"010643-00";"CITTA' DI ALESSANDRIA POLICLINICO DI MONZA SPA";"02";"Area chirurgica";"34";"0";"01";"Oculistica";"Ricoveri ordinari";"01";"30110";"Ricoveri ordinari";"CITTA' DI ALESSANDRIA POLICLINICO DI MONZA SPA";"";"ALESSANDRIA";"VIA MOCCAGATTA VITTORIO 30  ";"PRIVATA";"01/01/1995";"";"20930";"4481";"1633";"R"
"292";"6574";"643";"213";"213";"010643-00";"CITTA' DI ALESSANDRIA POLICLINICO DI MONZA SPA";"02";"Area chirurgica";"36";"0";"01";"Ortopedia e traumatologia";"Ricoveri ordinari";"01";"30110";"Ricoveri ordinari";"CITTA' DI ALESSANDRIA POLICLINICO DI MONZA SPA";"";"ALESSANDRIA";"VIA MOCCAGATTA VITTORIO 30  ";"PRIVATA";"01/01/1995";"";"20932";"4482";"1633";"R"
"293";"6842";"643";"213";"213";"010643-00";"CITTA' DI ALESSANDRIA POLICLINICO DI MONZA SPA";"02";"Area chirurgica";"43";"0";"01";"Urologia";"Ricoveri ordinari";"01";"30110";"Ricoveri ordinari";"CITTA' DI ALESSANDRIA POLICLINICO DI MONZA SPA";"";"ALESSANDRIA";"VIA MOCCAGATTA VITTORIO 30  ";"PRIVATA";"01/10/2000";"";"20934";"4741";"1633";"R"
"294";"23837";"643";"213";"213";"010643-00";"CITTA' DI ALESSANDRIA POLICLINICO DI MONZA SPA";"07";"Area altro supporto ospedaliera";"15";"0";"01";"Poliambulatorio ospedaliero";"Attività clinica";"01";"20501";"Attività clinica";"CITTA' DI ALESSANDRIA POLICLINICO DI MONZA SPA";"500078";"ALESSANDRIA";"VIA MOCCAGATTA VITTORIO 30  ";"PRIVATA";"01/01/2009";"";"";"10324";"1633";"S"
